case_id,patient_group_id,split,label,log_volume,compactness,log_elongation,flatness
LIDC-IDRI-0001-S12-N0,LIDC-IDRI-0001,val,1,1.986136,-0.645575,-0.223639,-0.76574
LIDC-IDRI-0003-S14-N1,LIDC-IDRI-0003,val,1,1.938021,-0.377969,-0.18301,-0.510445
LIDC-IDRI-0003-S14-N2,LIDC-IDRI-0003,val,1,0.124167,0.455024,-0.091139,-0.510877
LIDC-IDRI-0003-S14-N3,LIDC-IDRI-0003,val,1,0.831002,0.425933,-0.334734,0.99559
LIDC-IDRI-0004-S15-N0,LIDC-IDRI-0004,train,0,-1.013564,1.859638,-0.177038,-0.037702
LIDC-IDRI-0007-S18-N0,LIDC-IDRI-0007,train,1,2.104578,-1.132616,-0.137089,0.014457
LIDC-IDRI-0010-S21-N2,LIDC-IDRI-0010,test,1,-0.46464,0.977435,-0.074001,-0.899948
LIDC-IDRI-0011-S22-N5,LIDC-IDRI-0011,val,0,-0.994745,2.419419,-0.206329,0.34656
LIDC-IDRI-0011-S22-N9,LIDC-IDRI-0011,val,1,0.513047,-0.411552,-0.189881,-0.275182
LIDC-IDRI-0012-S23-N1,LIDC-IDRI-0012,test,0,-0.67385,1.533205,-0.411244,1.826205
LIDC-IDRI-0012-S23-N3,LIDC-IDRI-0012,test,1,0.55575,0.548372,-0.281379,0.548037
LIDC-IDRI-0012-S23-N8,LIDC-IDRI-0012,test,0,-0.311869,0.971538,-0.309832,1.464514
LIDC-IDRI-0013-S24-N1,LIDC-IDRI-0013,val,1,0.099685,0.037166,-0.310983,0.900056
LIDC-IDRI-0013-S24-N2,LIDC-IDRI-0013,val,1,1.055715,-1.000945,-0.072572,0.343958
LIDC-IDRI-0014-S25-N0,LIDC-IDRI-0014,train,1,0.935086,0.025971,-0.293693,0.512251
LIDC-IDRI-0015-S26-N0,LIDC-IDRI-0015,train,1,1.501049,-0.877354,-0.239494,0.231992
LIDC-IDRI-0016-S27-N0,LIDC-IDRI-0016,train,1,0.784655,-0.255032,-0.153571,-0.119498
LIDC-IDRI-0016-S27-N1,LIDC-IDRI-0016,train,1,0.238623,0.13077,-0.331895,0.562843
LIDC-IDRI-0016-S27-N5,LIDC-IDRI-0016,train,1,0.931566,-0.643355,-0.272735,0.375423
LIDC-IDRI-0017-S28-N0,LIDC-IDRI-0017,train,0,-0.666748,1.32144,-0.266989,0.253119
LIDC-IDRI-0018-S29-N0,LIDC-IDRI-0018,val,0,-0.902946,1.680775,-0.280061,1.006766
LIDC-IDRI-0018-S29-N1,LIDC-IDRI-0018,val,1,0.395961,0.271193,-0.367009,1.142234
LIDC-IDRI-0018-S29-N3,LIDC-IDRI-0018,val,1,1.367685,-0.368378,-0.224663,-0.351288
LIDC-IDRI-0021-S32-N2,LIDC-IDRI-0021,train,0,0.036591,0.464701,-0.258053,2.63739
LIDC-IDRI-0023-S34-N0,LIDC-IDRI-0023,train,1,2.014277,-1.019416,-0.251431,-0.194474
LIDC-IDRI-0024-S35-N1,LIDC-IDRI-0024,train,1,0.718324,0.29506,-0.262859,0.320129
LIDC-IDRI-0024-S35-N2,LIDC-IDRI-0024,train,0,0.295562,0.095723,-0.078646,-0.686841
LIDC-IDRI-0027-S38-N3,LIDC-IDRI-0027,train,0,-0.41303,1.265533,-0.222962,0.717222
LIDC-IDRI-0031-S42-N2,LIDC-IDRI-0031,train,1,0.20667,0.290071,-0.127535,-0.443633
LIDC-IDRI-0031-S42-N3,LIDC-IDRI-0031,train,0,-0.37583,1.133884,-0.304042,1.057989
LIDC-IDRI-0031-S42-N4,LIDC-IDRI-0031,train,1,1.1649,-0.276755,-0.371374,1.604369
LIDC-IDRI-0034-S45-N0,LIDC-IDRI-0034,val,0,-1.292163,1.862283,-0.297504,0.402132
LIDC-IDRI-0036-S47-N1,LIDC-IDRI-0036,train,1,-0.10246,0.323095,-0.184094,-0.009996
LIDC-IDRI-0037-S48-N0,LIDC-IDRI-0037,train,1,0.967979,-0.370386,-0.296322,0.079896
LIDC-IDRI-0037-S48-N1,LIDC-IDRI-0037,train,1,-0.328208,-0.123738,-0.130081,0.335603
LIDC-IDRI-0039-S50-N0,LIDC-IDRI-0039,val,0,-0.458295,1.259602,-0.252057,0.087501
LIDC-IDRI-0039-S50-N1,LIDC-IDRI-0039,val,0,-1.072491,2.114478,-0.178393,-0.236327
LIDC-IDRI-0039-S50-N2,LIDC-IDRI-0039,val,0,-1.072491,2.401369,-0.236878,0.244078
LIDC-IDRI-0039-S50-N3,LIDC-IDRI-0039,val,0,-0.874595,1.616038,-0.059983,-0.734524
LIDC-IDRI-0041-S52-N0,LIDC-IDRI-0041,train,1,1.40426,-0.369971,-0.256309,-0.233696
LIDC-IDRI-0042-S53-N8,LIDC-IDRI-0042,test,0,-0.718058,1.371452,-0.301604,1.838387
LIDC-IDRI-0043-S54-N0,LIDC-IDRI-0043,val,0,-0.099049,0.491766,-0.137737,-0.170141
LIDC-IDRI-0043-S54-N1,LIDC-IDRI-0043,val,0,0.86772,-0.414764,-0.080893,-0.156662
LIDC-IDRI-0043-S54-N2,LIDC-IDRI-0043,val,1,1.24126,-0.365521,-0.33144,0.273201
LIDC-IDRI-0044-S55-N1,LIDC-IDRI-0044,train,0,0.235116,0.356792,-0.277766,0.883924
LIDC-IDRI-0044-S55-N2,LIDC-IDRI-0044,train,1,2.146392,-0.538566,-0.306081,0.389549
LIDC-IDRI-0045-S56-N2,LIDC-IDRI-0045,train,1,0.061932,-0.028432,-0.12916,-0.683913
LIDC-IDRI-0045-S56-N4,LIDC-IDRI-0045,train,1,-0.656939,0.775439,-0.347215,1.331942
LIDC-IDRI-0045-S56-N5,LIDC-IDRI-0045,train,0,-0.497543,1.233238,-0.392969,1.839752
LIDC-IDRI-0045-S56-N9,LIDC-IDRI-0045,train,1,1.001677,-0.614064,-0.076648,0.323066
LIDC-IDRI-0045-S56-N10,LIDC-IDRI-0045,train,0,-0.133596,0.304947,-0.137697,3.408926
LIDC-IDRI-0045-S56-N11,LIDC-IDRI-0045,train,1,0.035694,0.554506,-0.274458,0.516774
LIDC-IDRI-0046-S57-N4,LIDC-IDRI-0046,test,0,-0.716736,1.454923,-0.135738,-0.13968
LIDC-IDRI-0047-S58-N0,LIDC-IDRI-0047,train,1,0.675945,-0.540604,-0.074134,-0.98704
LIDC-IDRI-0048-S59-N2,LIDC-IDRI-0048,train,1,0.411504,-0.455658,0.160816,-1.956548
LIDC-IDRI-0049-S60-N4,LIDC-IDRI-0049,train,0,-1.046548,1.591962,5.820623,-0.671087
LIDC-IDRI-0049-S60-N5,LIDC-IDRI-0049,train,0,-0.658143,1.086695,-0.186933,0.136657
LIDC-IDRI-0049-S60-N7,LIDC-IDRI-0049,train,0,-0.744251,1.143064,-0.199078,0.421203
LIDC-IDRI-0049-S60-N8,LIDC-IDRI-0049,train,0,-0.783165,1.109463,-0.236027,0.841139
LIDC-IDRI-0049-S60-N9,LIDC-IDRI-0049,train,1,-0.280323,-0.201149,0.121013,-1.229169
LIDC-IDRI-0049-S60-N10,LIDC-IDRI-0049,train,0,-0.578604,0.382553,-0.055286,0.65814
LIDC-IDRI-0049-S60-N11,LIDC-IDRI-0049,train,0,-1.10704,1.889085,-0.268955,0.53135
LIDC-IDRI-0049-S60-N14,LIDC-IDRI-0049,train,0,-0.557902,1.040161,-0.033721,-0.667708
LIDC-IDRI-0050-S61-N0,LIDC-IDRI-0050,train,1,2.100276,-0.659755,-0.244615,-0.408907
LIDC-IDRI-0051-S62-N1,LIDC-IDRI-0051,train,1,0.855095,0.620461,-0.318985,0.56577
LIDC-IDRI-0051-S62-N2,LIDC-IDRI-0051,train,1,0.850193,0.394657,-0.322864,0.852109
LIDC-IDRI-0052-S63-N0,LIDC-IDRI-0052,train,0,-0.208894,0.29043,-0.109456,0.288535
LIDC-IDRI-0052-S63-N1,LIDC-IDRI-0052,train,1,1.684739,-1.015779,0.054111,-1.078746
LIDC-IDRI-0053-S64-N0,LIDC-IDRI-0053,train,1,1.903297,-0.384029,-0.253817,0.150449
LIDC-IDRI-0053-S64-N1,LIDC-IDRI-0053,train,1,0.272228,0.427907,-0.203341,0.089778
LIDC-IDRI-0054-S65-N0,LIDC-IDRI-0054,train,1,1.224544,0.048505,-0.319329,0.095819
LIDC-IDRI-0055-S66-N0,LIDC-IDRI-0055,train,1,0.131732,0.147419,5.696637,-1.016802
LIDC-IDRI-0055-S66-N1,LIDC-IDRI-0055,train,1,-0.20849,1.038775,-0.328613,0.431585
LIDC-IDRI-0055-S66-N4,LIDC-IDRI-0055,train,1,0.488819,-0.127464,-0.206545,-0.11956
LIDC-IDRI-0056-S67-N1,LIDC-IDRI-0056,test,0,-1.312483,2.509442,-0.11523,-0.814101
LIDC-IDRI-0056-S67-N2,LIDC-IDRI-0056,test,0,-1.31415,2.223972,0.133448,-1.461135
LIDC-IDRI-0057-S68-N0,LIDC-IDRI-0057,train,1,1.693504,-1.105721,-0.001187,0.489038
LIDC-IDRI-0058-S69-N0,LIDC-IDRI-0058,test,1,1.951984,-0.97269,0.022936,-0.898177
LIDC-IDRI-0058-S69-N2,LIDC-IDRI-0058,test,1,1.615756,-0.899678,-0.068135,-0.833326
LIDC-IDRI-0059-S70-N0,LIDC-IDRI-0059,train,1,0.361145,-0.365775,-0.156775,-0.610896
LIDC-IDRI-0060-S71-N0,LIDC-IDRI-0060,train,1,0.571083,0.05876,-0.373142,0.608173
LIDC-IDRI-0060-S71-N3,LIDC-IDRI-0060,train,1,0.642952,-0.199422,-0.252971,0.272045
LIDC-IDRI-0061-S72-N0,LIDC-IDRI-0061,train,1,1.49485,-0.15699,-0.067718,-0.796974
LIDC-IDRI-0061-S72-N4,LIDC-IDRI-0061,train,0,-0.065521,0.777793,-0.158679,-0.641208
LIDC-IDRI-0061-S72-N5,LIDC-IDRI-0061,train,1,2.667761,-0.155115,-0.334032,0.919317
LIDC-IDRI-0064-S75-N1,LIDC-IDRI-0064,test,1,1.514895,-0.762354,-0.288451,1.035031
LIDC-IDRI-0066-S77-N0,LIDC-IDRI-0066,train,1,-0.242866,-0.789964,-0.033119,-1.437485
LIDC-IDRI-0066-S77-N1,LIDC-IDRI-0066,train,1,0.82701,-1.44436,-0.005599,-0.580863
LIDC-IDRI-0066-S77-N2,LIDC-IDRI-0066,train,1,-1.207301,-0.702847,0.385099,-2.361727
LIDC-IDRI-0067-S78-N0,LIDC-IDRI-0067,train,1,0.189477,0.614618,-0.31102,1.086386
LIDC-IDRI-0067-S78-N1,LIDC-IDRI-0067,train,0,-0.722255,1.147601,-0.137964,-0.397844
LIDC-IDRI-0068-S79-N2,LIDC-IDRI-0068,train,1,-0.239049,0.676467,-0.318799,0.367002
LIDC-IDRI-0068-S79-N4,LIDC-IDRI-0068,train,1,0.122392,0.170557,-0.191546,0.193531
LIDC-IDRI-0068-S79-N5,LIDC-IDRI-0068,train,1,0.543548,0.310953,-0.303304,-0.039421
LIDC-IDRI-0069-S2-N2,LIDC-IDRI-0069,train,1,1.103723,-0.739867,-0.11924,-0.818336
LIDC-IDRI-0072-S82-N0,LIDC-IDRI-0072,train,1,2.169232,-1.268697,-0.221482,-0.623433
LIDC-IDRI-0073-S83-N2,LIDC-IDRI-0073,test,1,1.136134,-0.662032,0.017741,-1.122727
LIDC-IDRI-0074-S84-N0,LIDC-IDRI-0074,train,1,1.319246,-0.823299,-0.113325,-0.665989
LIDC-IDRI-0075-S85-N1,LIDC-IDRI-0075,train,1,2.215871,-1.001545,-0.144993,-0.706147
LIDC-IDRI-0077-S87-N0,LIDC-IDRI-0077,val,1,1.794157,-0.051463,-0.42132,1.479876
LIDC-IDRI-0078-S1-N0,LIDC-IDRI-0078,train,1,1.280291,-0.402568,-0.181348,-0.134325
LIDC-IDRI-0078-S1-N1,LIDC-IDRI-0078,train,1,1.185357,-0.216588,-0.322767,0.126028
LIDC-IDRI-0078-S1-N3,LIDC-IDRI-0078,train,1,1.736586,-0.49826,-0.362407,0.53657
LIDC-IDRI-0080-S88-N0,LIDC-IDRI-0080,train,1,1.555084,-0.740503,0.100411,-1.340617
LIDC-IDRI-0080-S88-N1,LIDC-IDRI-0080,train,1,1.945264,-0.865767,-0.103828,-0.929459
LIDC-IDRI-0081-S89-N0,LIDC-IDRI-0081,val,1,0.361498,0.396766,-0.149942,-0.616702
LIDC-IDRI-0081-S89-N1,LIDC-IDRI-0081,val,1,1.568825,-0.572909,-0.207004,0.838085
LIDC-IDRI-0082-S90-N0,LIDC-IDRI-0082,train,1,1.456268,-0.909561,-0.260518,-0.237975
LIDC-IDRI-0084-S92-N1,LIDC-IDRI-0084,train,0,-0.720578,1.140312,0.078929,-1.156552
LIDC-IDRI-0084-S92-N2,LIDC-IDRI-0084,train,0,-0.974453,1.836625,-0.127494,0.083563
LIDC-IDRI-0085-S93-N0,LIDC-IDRI-0085,train,0,-1.393147,1.385339,5.552342,-2.108075
LIDC-IDRI-0087-S95-N0,LIDC-IDRI-0087,val,1,1.69681,-0.998069,-0.115763,-0.545563
LIDC-IDRI-0088-S96-N1,LIDC-IDRI-0088,train,0,-0.911978,0.196276,-0.01713,-0.904689
LIDC-IDRI-0088-S96-N2,LIDC-IDRI-0088,train,0,-1.367919,0.893235,-0.031198,-0.565266
LIDC-IDRI-0089-S97-N0,LIDC-IDRI-0089,train,1,2.151294,-0.357934,-0.338364,0.536961
LIDC-IDRI-0090-S98-N0,LIDC-IDRI-0090,train,0,-0.776298,0.824292,-0.166675,0.562429
LIDC-IDRI-0092-S100-N0,LIDC-IDRI-0092,test,0,-0.689299,0.974553,-0.122702,0.41661
LIDC-IDRI-0092-S100-N3,LIDC-IDRI-0092,test,0,-1.392066,2.76263,-0.180113,-0.313696
LIDC-IDRI-0093-S101-N1,LIDC-IDRI-0093,test,1,-0.181179,1.026987,-0.322773,0.568465
LIDC-IDRI-0094-S102-N0,LIDC-IDRI-0094,test,1,1.594241,-1.495996,0.221956,-1.216331
LIDC-IDRI-0095-S103-N0,LIDC-IDRI-0095,train,1,1.461746,-1.400367,-0.167364,-0.953783
LIDC-IDRI-0095-S103-N2,LIDC-IDRI-0095,train,1,0.287757,-1.402024,0.036237,-1.032236
LIDC-IDRI-0096-S104-N0,LIDC-IDRI-0096,train,1,0.035588,-0.013435,0.048868,-1.030787
LIDC-IDRI-0098-S106-N0,LIDC-IDRI-0098,train,1,0.403623,-0.631922,-0.209837,0.107919
LIDC-IDRI-0099-S107-N0,LIDC-IDRI-0099,test,0,-0.613179,0.357334,-0.134774,-0.525808
LIDC-IDRI-0104-S111-N0,LIDC-IDRI-0104,train,1,1.037789,0.232046,-0.335117,0.629836
LIDC-IDRI-0106-S113-N1,LIDC-IDRI-0106,val,1,-0.180997,0.127804,-0.136089,-0.516035
LIDC-IDRI-0108-S115-N0,LIDC-IDRI-0108,val,1,1.138846,-0.731991,-0.185485,-0.236616
LIDC-IDRI-0111-S117-N1,LIDC-IDRI-0111,train,1,1.509685,-0.61041,-0.28904,0.021746
LIDC-IDRI-0111-S117-N2,LIDC-IDRI-0111,train,1,1.004334,-0.536554,-0.208919,-0.656862
LIDC-IDRI-0112-S118-N0,LIDC-IDRI-0112,train,1,0.759101,0.092555,-0.059602,-0.856186
LIDC-IDRI-0116-S121-N1,LIDC-IDRI-0116,train,1,1.602332,-0.118545,-0.157392,-0.445474
LIDC-IDRI-0117-S122-N0,LIDC-IDRI-0117,train,0,0.008408,-0.052956,-0.214094,1.434817
LIDC-IDRI-0118-S123-N0,LIDC-IDRI-0118,train,0,-1.039912,2.416083,-0.221564,0.112948
LIDC-IDRI-0118-S123-N2,LIDC-IDRI-0118,train,0,-0.958146,2.238552,-0.232774,-0.088893
LIDC-IDRI-0118-S123-N3,LIDC-IDRI-0118,train,0,-0.792017,2.037668,-0.199648,-0.060811
LIDC-IDRI-0118-S123-N5,LIDC-IDRI-0118,train,0,-0.981293,2.123398,-0.237909,-0.123995
LIDC-IDRI-0119-S124-N0,LIDC-IDRI-0119,train,0,0.479875,-1.267329,-0.335802,0.694957
LIDC-IDRI-0119-S124-N1,LIDC-IDRI-0119,train,0,-0.714274,-1.197402,-0.336283,2.054739
LIDC-IDRI-0120-S125-N3,LIDC-IDRI-0120,val,1,0.804723,-0.097645,-0.185908,-0.242121
LIDC-IDRI-0121-S126-N0,LIDC-IDRI-0121,train,1,1.100673,-0.038511,-0.145647,0.009447
LIDC-IDRI-0124-S129-N4,LIDC-IDRI-0124,val,0,-1.241923,2.616045,-0.255953,1.398756
LIDC-IDRI-0124-S129-N5,LIDC-IDRI-0124,val,0,0.120497,0.599331,-0.178376,-0.319278
LIDC-IDRI-0124-S129-N8,LIDC-IDRI-0124,val,0,-0.799603,2.147175,-0.147106,-0.02922
LIDC-IDRI-0124-S129-N14,LIDC-IDRI-0124,val,0,-0.528027,1.39747,-0.32904,2.939779
LIDC-IDRI-0126-S131-N0,LIDC-IDRI-0126,train,0,-0.91922,1.728757,5.841025,-0.378281
LIDC-IDRI-0126-S131-N1,LIDC-IDRI-0126,train,0,-0.693406,1.475942,-0.215059,1.987796
LIDC-IDRI-0128-S132-N2,LIDC-IDRI-0128,train,1,0.406864,-0.371118,-0.023209,-1.273408
LIDC-IDRI-0129-S133-N0,LIDC-IDRI-0129,train,0,-0.54942,1.307788,-0.37026,1.183531
LIDC-IDRI-0129-S133-N1,LIDC-IDRI-0129,train,1,0.723383,0.298517,-0.269982,-0.216603
LIDC-IDRI-0129-S133-N3,LIDC-IDRI-0129,train,1,0.496933,0.503433,-0.350691,0.487524
LIDC-IDRI-0129-S133-N6,LIDC-IDRI-0129,train,0,-0.553439,1.355404,-0.346495,1.269221
LIDC-IDRI-0129-S133-N7,LIDC-IDRI-0129,train,0,-1.424923,1.464101,5.753497,-1.407093
LIDC-IDRI-0129-S133-N10,LIDC-IDRI-0129,train,0,-0.226244,0.600501,-0.236684,-0.045482
LIDC-IDRI-0129-S133-N11,LIDC-IDRI-0129,train,0,-0.382088,1.08978,-0.250594,-0.045482
LIDC-IDRI-0129-S133-N12,LIDC-IDRI-0129,train,1,-0.355102,0.744082,-0.217362,-0.176259
LIDC-IDRI-0129-S133-N13,LIDC-IDRI-0129,train,0,-1.193078,1.636049,0.003431,-0.776874
LIDC-IDRI-0130-S134-N0,LIDC-IDRI-0130,train,1,0.757764,-1.270184,-0.320184,0.019319
LIDC-IDRI-0130-S134-N1,LIDC-IDRI-0130,train,0,-0.852408,-1.011079,-0.192627,0.885179
LIDC-IDRI-0131-S135-N1,LIDC-IDRI-0131,train,1,-0.091405,-0.20911,0.324329,-2.053728
LIDC-IDRI-0132-S7-N3,LIDC-IDRI-0132,train,1,1.442778,-0.74119,-0.105014,-0.776894
LIDC-IDRI-0132-S136-N3,LIDC-IDRI-0132,train,1,0.512169,0.094818,-0.361117,1.488978
LIDC-IDRI-0132-S136-N6,LIDC-IDRI-0132,train,1,1.705042,-0.696818,-0.224235,0.831049
LIDC-IDRI-0135-S139-N3,LIDC-IDRI-0135,train,0,-0.469679,1.60547,-0.318366,1.209441
LIDC-IDRI-0135-S139-N4,LIDC-IDRI-0135,train,0,-0.994756,2.927345,-0.214446,0.441363
LIDC-IDRI-0135-S139-N5,LIDC-IDRI-0135,train,0,-0.76923,2.070381,-0.243115,0.628875
LIDC-IDRI-0136-S8-N5,LIDC-IDRI-0136,train,0,-0.188773,1.393131,-0.199245,0.296129
LIDC-IDRI-0136-S8-N6,LIDC-IDRI-0136,train,0,0.753554,-0.765286,0.013081,-0.342841
LIDC-IDRI-0137-S140-N1,LIDC-IDRI-0137,train,1,1.616086,-0.878569,0.17744,-0.471191
LIDC-IDRI-0137-S140-N2,LIDC-IDRI-0137,train,1,0.565926,-0.182549,0.100287,-1.16898
LIDC-IDRI-0139-S142-N1,LIDC-IDRI-0139,test,1,2.287426,-0.404073,-0.185731,-0.562412
LIDC-IDRI-0139-S142-N2,LIDC-IDRI-0139,test,1,1.363956,-0.397759,-0.283725,0.505882
LIDC-IDRI-0141-S144-N1,LIDC-IDRI-0141,val,1,-0.129229,-1.305979,-0.098905,-0.577973
LIDC-IDRI-0141-S144-N3,LIDC-IDRI-0141,val,0,-1.388159,-1.038611,-0.16323,0.161027
LIDC-IDRI-0141-S144-N4,LIDC-IDRI-0141,val,0,-1.296114,-0.998304,-0.193381,-0.095349
LIDC-IDRI-0142-S145-N0,LIDC-IDRI-0142,train,0,-0.733989,-1.028236,-0.31545,0.911973
LIDC-IDRI-0142-S145-N1,LIDC-IDRI-0142,train,0,-0.843545,-1.068665,-0.153575,-0.325966
LIDC-IDRI-0142-S145-N2,LIDC-IDRI-0142,train,1,-0.05997,-1.170755,-0.184188,-0.621812
LIDC-IDRI-0144-S147-N0,LIDC-IDRI-0144,train,0,-0.510153,1.126932,-0.038238,-0.433386
LIDC-IDRI-0144-S147-N1,LIDC-IDRI-0144,train,0,0.068992,0.3811,-0.242172,0.372395
LIDC-IDRI-0144-S147-N3,LIDC-IDRI-0144,train,0,-0.042073,0.458366,-0.27783,0.478084
LIDC-IDRI-0144-S147-N4,LIDC-IDRI-0144,train,1,0.565527,0.461869,-0.2365,-0.086424
LIDC-IDRI-0145-S148-N1,LIDC-IDRI-0145,train,1,-0.011782,0.782847,-0.411709,1.666127
LIDC-IDRI-0146-S149-N0,LIDC-IDRI-0146,train,1,0.973357,-0.375335,-0.195205,1.254553
LIDC-IDRI-0148-S151-N1,LIDC-IDRI-0148,test,1,0.733512,-0.026297,-0.289323,0.746615
LIDC-IDRI-0148-S151-N2,LIDC-IDRI-0148,test,1,0.878022,-0.407964,-0.093598,-0.269946
LIDC-IDRI-0149-S152-N2,LIDC-IDRI-0149,train,0,-0.850314,2.015405,-0.234304,0.617831
LIDC-IDRI-0149-S152-N4,LIDC-IDRI-0149,train,0,-0.577849,1.508806,-0.438405,1.55494
LIDC-IDRI-0151-S10-N0,LIDC-IDRI-0151,test,1,-0.020957,0.074755,-0.272909,0.424772
LIDC-IDRI-0151-S153-N0,LIDC-IDRI-0151,test,1,0.524236,-0.358848,-0.286459,0.442232
LIDC-IDRI-0152-S154-N0,LIDC-IDRI-0152,train,0,0.146385,0.709759,-0.286955,0.874249
LIDC-IDRI-0153-S155-N0,LIDC-IDRI-0153,val,1,1.033581,-0.328573,-0.091396,0.003907
LIDC-IDRI-0154-S11-N1,LIDC-IDRI-0154,test,1,1.782761,-0.089787,-0.351273,1.16297
LIDC-IDRI-0156-S157-N0,LIDC-IDRI-0156,train,1,0.483569,0.086213,-0.371771,1.022011
LIDC-IDRI-0159-S160-N1,LIDC-IDRI-0159,train,1,0.792404,0.395147,-0.357276,0.63388
LIDC-IDRI-0160-S161-N0,LIDC-IDRI-0160,train,0,-0.331965,0.623289,-0.211335,2.750464
LIDC-IDRI-0160-S161-N1,LIDC-IDRI-0160,train,1,0.349185,0.601928,-0.298294,1.389831
LIDC-IDRI-0162-S163-N1,LIDC-IDRI-0162,train,0,0.260948,0.361671,-0.059332,-0.100834
LIDC-IDRI-0163-S164-N0,LIDC-IDRI-0163,val,1,1.734051,-0.42322,-0.22279,0.73142
LIDC-IDRI-0164-S165-N1,LIDC-IDRI-0164,test,1,-0.126556,1.064185,-0.281151,0.283518
LIDC-IDRI-0164-S165-N2,LIDC-IDRI-0164,test,1,0.698331,0.582009,-0.318934,0.407636
LIDC-IDRI-0164-S165-N4,LIDC-IDRI-0164,test,0,-0.554003,1.578667,-0.385235,1.370358
LIDC-IDRI-0164-S165-N10,LIDC-IDRI-0164,test,1,0.24656,0.304368,-0.28989,0.291648
LIDC-IDRI-0168-S169-N0,LIDC-IDRI-0168,test,0,-0.803029,1.647122,-0.195965,-0.019003
LIDC-IDRI-0169-S170-N1,LIDC-IDRI-0169,test,1,-0.054061,0.300477,-0.313165,0.117635
LIDC-IDRI-0169-S170-N2,LIDC-IDRI-0169,test,0,-0.645452,0.956144,-0.38185,1.125432
LIDC-IDRI-0170-S171-N0,LIDC-IDRI-0170,train,1,1.640413,-0.924506,-0.169968,-0.461464
LIDC-IDRI-0170-S171-N1,LIDC-IDRI-0170,train,1,1.683561,-0.808818,-0.092179,-1.189352
LIDC-IDRI-0171-S172-N0,LIDC-IDRI-0171,train,1,1.227501,0.0371,-0.302548,0.559509
LIDC-IDRI-0171-S172-N1,LIDC-IDRI-0171,train,0,-0.453126,1.633492,-0.276748,0.575235
LIDC-IDRI-0171-S172-N2,LIDC-IDRI-0171,train,0,-0.603023,1.91692,-0.156197,-0.172559
LIDC-IDRI-0171-S172-N3,LIDC-IDRI-0171,train,0,-0.572733,1.511836,-0.193215,0.707756
LIDC-IDRI-0172-S173-N0,LIDC-IDRI-0172,train,1,1.655716,0.141413,-0.384602,0.884201
LIDC-IDRI-0179-S180-N0,LIDC-IDRI-0179,train,1,1.165699,0.185462,-0.296684,0.080633
LIDC-IDRI-0181-S182-N2,LIDC-IDRI-0181,test,1,1.15257,0.22243,-0.313891,0.757966
LIDC-IDRI-0181-S182-N3,LIDC-IDRI-0181,test,1,-0.02378,0.754392,-0.352671,1.199975
LIDC-IDRI-0181-S182-N7,LIDC-IDRI-0181,test,1,0.843816,0.073374,-0.353846,0.797503
LIDC-IDRI-0182-S183-N2,LIDC-IDRI-0182,val,0,0.312286,0.082756,-0.220516,0.010446
LIDC-IDRI-0183-S184-N1,LIDC-IDRI-0183,val,1,1.376545,-0.919301,0.028592,0.227572
LIDC-IDRI-0184-S185-N0,LIDC-IDRI-0184,test,0,-0.474456,0.655341,-0.294936,1.545111
LIDC-IDRI-0185-S186-N2,LIDC-IDRI-0185,train,0,-0.955545,1.989094,-0.201063,-0.100619
LIDC-IDRI-0185-S186-N3,LIDC-IDRI-0185,train,0,-0.651842,1.562269,-0.080942,-0.246392
LIDC-IDRI-0185-S186-N5,LIDC-IDRI-0185,train,0,0.189858,0.751883,-0.323572,1.333848
LIDC-IDRI-0186-S187-N4,LIDC-IDRI-0186,test,1,0.866617,-0.46822,-0.208026,-0.683987
LIDC-IDRI-0187-S188-N3,LIDC-IDRI-0187,test,1,1.783245,-0.470954,-0.272197,0.080655
LIDC-IDRI-0188-S189-N3,LIDC-IDRI-0188,train,1,1.746303,-0.124738,-0.4184,1.345905
LIDC-IDRI-0188-S189-N4,LIDC-IDRI-0188,train,0,-0.759035,1.147106,-0.324394,1.875198
LIDC-IDRI-0188-S189-N5,LIDC-IDRI-0188,train,0,-0.166949,0.674605,-0.14832,-0.287049
LIDC-IDRI-0188-S189-N6,LIDC-IDRI-0188,train,0,-0.457847,1.177256,-0.108231,-0.380805
LIDC-IDRI-0190-S191-N0,LIDC-IDRI-0190,val,1,1.85303,-0.373952,-0.196494,0.465424
LIDC-IDRI-0190-S191-N1,LIDC-IDRI-0190,val,1,1.240692,-0.379801,-0.057734,-0.815856
LIDC-IDRI-0191-S192-N0,LIDC-IDRI-0191,val,1,2.117223,-0.915865,-0.066666,-1.250813
LIDC-IDRI-0193-S194-N0,LIDC-IDRI-0193,test,0,-0.296992,0.419968,-0.068189,-0.51017
LIDC-IDRI-0194-S195-N1,LIDC-IDRI-0194,train,1,1.536626,-0.894544,-0.091895,-1.396234
LIDC-IDRI-0194-S195-N2,LIDC-IDRI-0194,train,1,0.82251,-0.320149,-0.083377,-0.787832
LIDC-IDRI-0195-S196-N0,LIDC-IDRI-0195,test,1,-0.040998,-0.382996,6.283365,-1.296197
LIDC-IDRI-0195-S196-N1,LIDC-IDRI-0195,test,1,0.716999,-0.066985,-0.229107,0.704625
LIDC-IDRI-0195-S196-N2,LIDC-IDRI-0195,test,1,0.306906,0.045874,-0.267977,0.346566
LIDC-IDRI-0195-S196-N3,LIDC-IDRI-0195,test,1,1.434255,-0.180339,-0.356223,0.739804
LIDC-IDRI-0195-S196-N4,LIDC-IDRI-0195,test,1,0.69942,-0.733393,-0.315843,0.552958
LIDC-IDRI-0195-S196-N6,LIDC-IDRI-0195,test,1,-0.022632,0.486376,-0.337697,1.634602
LIDC-IDRI-0196-S197-N0,LIDC-IDRI-0196,train,1,0.086281,-0.455136,-0.246246,0.99929
LIDC-IDRI-0203-S204-N0,LIDC-IDRI-0203,val,0,-0.400629,1.294418,-0.348489,1.023912
LIDC-IDRI-0203-S204-N1,LIDC-IDRI-0203,val,1,1.85742,-1.136821,-0.126213,0.094194
LIDC-IDRI-0204-S205-N0,LIDC-IDRI-0204,train,1,1.182029,-0.572601,-0.145835,1.168942
LIDC-IDRI-0206-S207-N0,LIDC-IDRI-0206,val,0,-0.996037,1.802679,-0.298406,0.301502
LIDC-IDRI-0206-S207-N1,LIDC-IDRI-0206,val,1,0.386823,-0.267378,-0.157475,-0.303369
LIDC-IDRI-0208-S209-N0,LIDC-IDRI-0208,test,1,-0.112824,0.347495,-0.222873,-0.102716
LIDC-IDRI-0209-S210-N0,LIDC-IDRI-0209,val,1,1.463108,0.230075,-0.413821,1.059073
LIDC-IDRI-0211-S212-N0,LIDC-IDRI-0211,train,1,1.608926,-0.977164,-0.281497,0.02995
LIDC-IDRI-0212-S213-N0,LIDC-IDRI-0212,test,0,-1.452283,2.848197,-0.38447,1.49131
LIDC-IDRI-0213-S214-N0,LIDC-IDRI-0213,val,0,0.016867,0.660203,-0.345029,1.351779
LIDC-IDRI-0215-S216-N2,LIDC-IDRI-0215,train,0,-1.099974,1.121186,0.251939,-1.742771
LIDC-IDRI-0215-S216-N3,LIDC-IDRI-0215,train,0,-1.286075,2.707091,-0.278637,0.202564
LIDC-IDRI-0216-S217-N1,LIDC-IDRI-0216,val,0,-0.422566,1.088727,-0.343199,1.159618
LIDC-IDRI-0217-S218-N0,LIDC-IDRI-0217,test,1,1.217583,0.141298,-0.246045,-0.047924
LIDC-IDRI-0217-S218-N1,LIDC-IDRI-0217,test,1,0.39424,0.735872,-0.283235,0.156627
LIDC-IDRI-0217-S218-N2,LIDC-IDRI-0217,test,1,0.34858,0.217972,-0.403044,1.590983
LIDC-IDRI-0219-S220-N0,LIDC-IDRI-0219,train,1,0.466867,0.481635,-0.279998,0.163174
LIDC-IDRI-0220-S221-N0,LIDC-IDRI-0220,train,1,0.851522,-1.030463,-0.041241,-1.501886
LIDC-IDRI-0220-S221-N1,LIDC-IDRI-0220,train,1,0.331424,-0.194396,-0.014971,-1.380343
LIDC-IDRI-0220-S221-N2,LIDC-IDRI-0220,train,1,1.068243,-0.413117,-0.224292,-0.550818
LIDC-IDRI-0221-S222-N0,LIDC-IDRI-0221,val,1,1.878779,-0.61051,-0.192897,-0.448724
LIDC-IDRI-0222-S223-N0,LIDC-IDRI-0222,train,0,-0.655594,0.915869,-0.312979,1.24694
LIDC-IDRI-0223-S224-N0,LIDC-IDRI-0223,train,1,1.330802,-0.855196,-0.132422,0.367987
LIDC-IDRI-0223-S224-N2,LIDC-IDRI-0223,train,1,0.704424,-0.868806,-0.069099,-0.287595
LIDC-IDRI-0228-S229-N0,LIDC-IDRI-0228,train,1,0.341453,0.395163,-0.362309,1.057463
LIDC-IDRI-0229-S230-N1,LIDC-IDRI-0229,val,1,1.445076,-0.235065,-0.239641,0.080936
LIDC-IDRI-0229-S230-N2,LIDC-IDRI-0229,val,1,0.494164,0.530023,-0.243677,0.188852
LIDC-IDRI-0229-S230-N3,LIDC-IDRI-0229,val,1,0.104884,0.098482,-0.032415,-0.328242
LIDC-IDRI-0229-S230-N6,LIDC-IDRI-0229,val,1,1.115378,0.219956,-0.397928,1.134129
LIDC-IDRI-0235-S236-N1,LIDC-IDRI-0235,train,0,0.221308,0.349184,-0.246259,0.143832
LIDC-IDRI-0236-S237-N0,LIDC-IDRI-0236,val,0,-0.385288,0.560244,-0.232847,1.56477
LIDC-IDRI-0237-S238-N1,LIDC-IDRI-0237,test,0,-0.188898,1.165526,-0.292909,0.527909
LIDC-IDRI-0237-S238-N2,LIDC-IDRI-0237,test,1,0.42362,0.313826,-0.187173,-0.260214
LIDC-IDRI-0240-S240-N4,LIDC-IDRI-0240,test,1,1.42213,-0.908282,-0.080818,-0.92849
LIDC-IDRI-0241-S241-N3,LIDC-IDRI-0241,train,0,-1.021794,0.326559,0.357244,-1.94365
LIDC-IDRI-0241-S241-N4,LIDC-IDRI-0241,train,0,-1.246669,1.28837,0.249552,-1.710338
LIDC-IDRI-0242-S242-N0,LIDC-IDRI-0242,train,1,1.816891,-0.445406,-0.147582,-0.365076
LIDC-IDRI-0244-S244-N0,LIDC-IDRI-0244,val,0,-0.049495,0.832986,-0.18604,-0.262639
LIDC-IDRI-0244-S244-N1,LIDC-IDRI-0244,val,0,-1.109603,2.485823,-0.220832,1.264883
LIDC-IDRI-0244-S244-N2,LIDC-IDRI-0244,val,1,1.009692,-0.269574,-0.232613,-0.24778
LIDC-IDRI-0246-S246-N0,LIDC-IDRI-0246,test,0,-0.022053,0.901523,-0.25884,-0.056681
LIDC-IDRI-0248-S248-N0,LIDC-IDRI-0248,train,0,-0.69882,1.920716,-0.085446,-0.600409
LIDC-IDRI-0249-S249-N0,LIDC-IDRI-0249,val,1,0.341521,0.446622,-0.114372,-0.743206
LIDC-IDRI-0249-S249-N1,LIDC-IDRI-0249,val,1,0.868781,-0.951052,0.31011,-1.183053
LIDC-IDRI-0250-S250-N0,LIDC-IDRI-0250,val,1,0.631691,0.267169,-0.313002,0.355874
LIDC-IDRI-0250-S250-N1,LIDC-IDRI-0250,val,1,0.652629,0.495954,-0.261392,0.069947
LIDC-IDRI-0252-S252-N0,LIDC-IDRI-0252,test,1,1.207051,-0.653964,0.109264,-0.678622
LIDC-IDRI-0254-S254-N2,LIDC-IDRI-0254,train,0,-0.322242,0.451601,-0.258889,0.0511
LIDC-IDRI-0255-S255-N0,LIDC-IDRI-0255,train,0,-0.603407,1.359166,-0.262079,0.56577
LIDC-IDRI-0255-S255-N1,LIDC-IDRI-0255,train,0,-0.761475,1.529777,-0.149695,-0.082108
LIDC-IDRI-0256-S256-N0,LIDC-IDRI-0256,train,0,-0.512744,0.696394,-0.240284,1.263678
LIDC-IDRI-0257-S257-N0,LIDC-IDRI-0257,test,1,0.731777,-0.270477,-0.216539,0.226085
LIDC-IDRI-0259-S259-N0,LIDC-IDRI-0259,train,1,0.427136,-0.094154,-0.174791,1.765126
LIDC-IDRI-0260-S260-N0,LIDC-IDRI-0260,test,1,0.969866,0.077168,-0.329324,0.498116
LIDC-IDRI-0260-S260-N2,LIDC-IDRI-0260,test,1,0.966895,0.089079,-0.302884,0.053454
LIDC-IDRI-0262-S262-N0,LIDC-IDRI-0262,val,1,0.017506,-0.31115,-0.120922,-0.528774
LIDC-IDRI-0263-S263-N0,LIDC-IDRI-0263,train,0,-0.823237,1.556357,-0.173726,-0.179536
LIDC-IDRI-0264-S264-N0,LIDC-IDRI-0264,train,0,-0.165572,0.828038,-0.322966,1.061595
LIDC-IDRI-0264-S264-N1,LIDC-IDRI-0264,train,1,1.071079,0.291012,-0.360881,0.694339
LIDC-IDRI-0265-S265-N0,LIDC-IDRI-0265,train,1,1.756048,-1.138237,0.036962,0.093733
LIDC-IDRI-0267-S267-N0,LIDC-IDRI-0267,test,1,2.581815,-0.886917,-0.01331,2.897546
LIDC-IDRI-0270-S270-N0,LIDC-IDRI-0270,val,0,-0.734839,1.255896,-0.133831,0.171195
LIDC-IDRI-0271-S271-N0,LIDC-IDRI-0271,train,0,-0.591201,1.267546,-0.061312,-0.544878
LIDC-IDRI-0272-S272-N0,LIDC-IDRI-0272,val,0,-0.803868,1.799424,-0.128903,-0.163093
LIDC-IDRI-0273-S273-N1,LIDC-IDRI-0273,val,0,-0.828139,1.157429,-0.2336,1.585967
LIDC-IDRI-0276-S276-N0,LIDC-IDRI-0276,train,1,0.10498,0.264115,-0.161215,0.060681
LIDC-IDRI-0277-S277-N0,LIDC-IDRI-0277,train,1,0.607283,0.456783,-0.277601,0.009375
LIDC-IDRI-0281-S281-N0,LIDC-IDRI-0281,train,0,-0.36347,0.828354,-0.291044,0.360356
LIDC-IDRI-0284-S284-N2,LIDC-IDRI-0284,train,0,-0.566633,1.196791,-0.297852,0.392684
LIDC-IDRI-0285-S285-N0,LIDC-IDRI-0285,train,0,-0.108546,0.714493,-0.232594,0.19796
LIDC-IDRI-0286-S286-N0,LIDC-IDRI-0286,train,0,-0.695478,1.696923,-0.340087,1.780541
LIDC-IDRI-0286-S286-N1,LIDC-IDRI-0286,train,0,-0.413619,1.087398,-0.357177,2.416849
LIDC-IDRI-0287-S287-N0,LIDC-IDRI-0287,train,0,-1.013404,2.166105,-0.180923,0.074903
LIDC-IDRI-0289-S289-N0,LIDC-IDRI-0289,train,0,-1.06788,2.315968,6.566485,-2.078056
LIDC-IDRI-0289-S289-N1,LIDC-IDRI-0289,train,0,2.180877,-0.176237,-0.146622,-0.558701
LIDC-IDRI-0292-S292-N0,LIDC-IDRI-0292,train,0,-0.794573,-1.114848,-0.303186,1.240642
LIDC-IDRI-0294-S294-N1,LIDC-IDRI-0294,train,1,1.222562,-0.497338,-0.219544,0.199941
LIDC-IDRI-0296-S296-N0,LIDC-IDRI-0296,test,1,1.215466,0.386704,-0.296724,0.272318
LIDC-IDRI-0298-S298-N2,LIDC-IDRI-0298,test,0,-0.348518,-0.23302,-0.057134,-0.782059
LIDC-IDRI-0298-S298-N3,LIDC-IDRI-0298,test,0,-0.5764,-0.011721,-0.211795,-0.204305
LIDC-IDRI-0298-S298-N5,LIDC-IDRI-0298,test,0,-1.373756,1.203514,-0.091626,-0.40184
LIDC-IDRI-0298-S298-N6,LIDC-IDRI-0298,test,0,-0.137617,-0.074871,-0.253779,-0.434704
LIDC-IDRI-0299-S299-N1,LIDC-IDRI-0299,val,0,-1.169869,-0.982658,-0.099765,-0.923193
LIDC-IDRI-0300-S300-N0,LIDC-IDRI-0300,test,0,-1.491117,1.897649,-0.202798,-0.07122
LIDC-IDRI-0300-S300-N1,LIDC-IDRI-0300,test,0,0.108882,0.050577,-0.215106,2.288256
LIDC-IDRI-0300-S300-N3,LIDC-IDRI-0300,test,0,0.155519,0.199919,-0.304604,0.608202
LIDC-IDRI-0304-S304-N0,LIDC-IDRI-0304,train,1,0.584354,-1.03082,-0.123997,-0.403168
LIDC-IDRI-0305-S305-N7,LIDC-IDRI-0305,train,1,0.187315,-0.538631,-0.117521,-0.842515
LIDC-IDRI-0309-S309-N1,LIDC-IDRI-0309,val,1,-0.149259,-0.049633,-0.166988,-0.569255
LIDC-IDRI-0311-S311-N1,LIDC-IDRI-0311,test,1,0.129835,-0.237974,0.049891,-0.897718
LIDC-IDRI-0312-S312-N0,LIDC-IDRI-0312,train,1,-0.145245,0.0915,-0.238012,1.202755
LIDC-IDRI-0312-S312-N1,LIDC-IDRI-0312,train,1,-0.887619,0.798392,-0.090628,-0.779825
LIDC-IDRI-0312-S312-N2,LIDC-IDRI-0312,train,1,-0.831135,0.802376,-0.383796,0.832554
LIDC-IDRI-0313-S313-N0,LIDC-IDRI-0313,test,1,1.87359,-1.133772,-0.204288,-0.702364
LIDC-IDRI-0314-S314-N0,LIDC-IDRI-0314,train,1,1.187604,-0.466617,-0.259696,-0.012194
LIDC-IDRI-0315-S315-N3,LIDC-IDRI-0315,val,1,0.596782,-0.111645,-0.140945,-0.759811
LIDC-IDRI-0315-S315-N4,LIDC-IDRI-0315,val,0,-0.156731,0.532731,-0.191366,1.043894
LIDC-IDRI-0315-S315-N6,LIDC-IDRI-0315,val,0,-0.545316,0.717901,-0.130013,0.300714
LIDC-IDRI-0315-S316-N0,LIDC-IDRI-0315,val,1,0.88093,-0.371733,0.113823,-1.53004
LIDC-IDRI-0315-S316-N1,LIDC-IDRI-0315,val,0,-1.392948,3.889177,6.101101,-0.057216
LIDC-IDRI-0318-S319-N0,LIDC-IDRI-0318,train,0,-0.260435,-0.32294,-0.127054,-0.559492
LIDC-IDRI-0321-S322-N1,LIDC-IDRI-0321,train,0,-1.475964,1.633382,0.189363,-1.769856
LIDC-IDRI-0321-S322-N2,LIDC-IDRI-0321,train,0,-0.128344,0.18895,-0.164284,0.467774
LIDC-IDRI-0325-S326-N0,LIDC-IDRI-0325,train,1,1.402485,-1.266111,-0.132877,-0.396679
LIDC-IDRI-0326-S327-N0,LIDC-IDRI-0326,test,1,-1.014158,1.184528,-0.046172,-0.935826
LIDC-IDRI-0332-S333-N0,LIDC-IDRI-0332,test,1,2.104153,-1.445291,-0.084854,-0.615508
LIDC-IDRI-0334-S336-N2,LIDC-IDRI-0334,train,1,0.255513,0.128126,-0.171304,-0.196561
LIDC-IDRI-0337-S339-N0,LIDC-IDRI-0337,train,1,1.001598,-0.792852,-0.085369,-0.092212
LIDC-IDRI-0337-S339-N1,LIDC-IDRI-0337,train,1,1.891767,-1.097615,-0.102223,0.98826
LIDC-IDRI-0341-S343-N1,LIDC-IDRI-0341,train,0,-1.000685,0.63375,-0.106137,1.296665
LIDC-IDRI-0343-S345-N0,LIDC-IDRI-0343,val,0,-0.188635,-0.076878,0.049199,6.267184
LIDC-IDRI-0344-S346-N1,LIDC-IDRI-0344,val,0,0.324066,-0.996288,0.012206,-1.147907
LIDC-IDRI-0345-S347-N1,LIDC-IDRI-0345,test,0,-1.038557,0.597664,-0.288854,0.208776
LIDC-IDRI-0346-S348-N0,LIDC-IDRI-0346,train,0,-0.542873,1.307357,-0.3517,1.787551
LIDC-IDRI-0346-S348-N4,LIDC-IDRI-0346,train,0,-0.397945,0.963962,-0.327722,1.857687
LIDC-IDRI-0347-S349-N2,LIDC-IDRI-0347,train,0,-0.461712,0.841716,-0.36799,2.170791
LIDC-IDRI-0347-S349-N3,LIDC-IDRI-0347,train,1,1.27175,-0.872818,0.233481,-1.624301
LIDC-IDRI-0348-S350-N1,LIDC-IDRI-0348,val,1,1.207334,-0.494487,-0.382693,1.023975
LIDC-IDRI-0351-S353-N1,LIDC-IDRI-0351,test,0,-0.550137,0.56854,-0.287064,3.169177
LIDC-IDRI-0353-S355-N0,LIDC-IDRI-0353,train,0,-1.244724,1.667571,0.026365,-1.030787
LIDC-IDRI-0353-S355-N1,LIDC-IDRI-0353,train,0,-0.637959,0.845048,-0.067156,-0.649001
LIDC-IDRI-0353-S355-N2,LIDC-IDRI-0353,train,1,0.094675,-0.835609,0.301284,-2.240257
LIDC-IDRI-0354-S356-N0,LIDC-IDRI-0354,test,0,-0.050153,0.818759,-0.232144,0.582174
LIDC-IDRI-0356-S359-N2,LIDC-IDRI-0356,train,0,-1.204728,0.559936,-0.125211,-0.094128
LIDC-IDRI-0358-S361-N5,LIDC-IDRI-0358,test,0,-0.920652,-1.182986,0.139526,-1.06982
LIDC-IDRI-0359-S362-N0,LIDC-IDRI-0359,train,0,-0.228459,0.587308,-0.20189,0.921922
LIDC-IDRI-0359-S362-N1,LIDC-IDRI-0359,train,0,0.230919,0.20377,-0.436706,1.195097
LIDC-IDRI-0360-S363-N0,LIDC-IDRI-0360,test,0,-0.557088,-1.506275,0.000177,5.311409
LIDC-IDRI-0360-S363-N3,LIDC-IDRI-0360,test,1,0.186487,-1.491441,-0.197932,-0.525716
LIDC-IDRI-0362-S365-N1,LIDC-IDRI-0362,train,1,0.690911,-0.396424,-0.271089,-0.138483
LIDC-IDRI-0363-S366-N0,LIDC-IDRI-0363,train,0,-0.31554,0.571244,-0.184242,-0.39861
LIDC-IDRI-0365-S368-N0,LIDC-IDRI-0365,train,1,0.807617,-0.353267,-0.110856,-0.293106
LIDC-IDRI-0365-S369-N0,LIDC-IDRI-0365,train,1,0.538071,0.253641,-0.234312,0.491751
LIDC-IDRI-0366-S370-N0,LIDC-IDRI-0366,train,1,1.062996,-0.414233,-0.215011,-0.164382
LIDC-IDRI-0368-S372-N0,LIDC-IDRI-0368,val,1,1.599252,-0.343921,-0.217068,1.847836
LIDC-IDRI-0368-S372-N3,LIDC-IDRI-0368,val,0,0.205266,0.434964,-0.248197,1.394322
LIDC-IDRI-0368-S372-N4,LIDC-IDRI-0368,val,1,1.61184,-0.383588,-0.121681,1.043225
LIDC-IDRI-0369-S373-N0,LIDC-IDRI-0369,train,0,-1.025774,0.169349,0.085968,-0.818796
LIDC-IDRI-0371-S375-N0,LIDC-IDRI-0371,train,0,-0.9888,-1.137562,0.004411,-0.82788
LIDC-IDRI-0375-S379-N0,LIDC-IDRI-0375,train,0,-0.932029,-1.003146,-0.187985,-0.418668
LIDC-IDRI-0375-S379-N1,LIDC-IDRI-0375,train,1,-0.130292,-1.376104,0.007371,-0.782581
LIDC-IDRI-0376-S380-N0,LIDC-IDRI-0376,val,0,-0.66258,-1.238578,-0.217672,1.551785
LIDC-IDRI-0377-S381-N0,LIDC-IDRI-0377,test,1,0.951934,-1.389026,-0.167873,-0.601458
LIDC-IDRI-0379-S383-N2,LIDC-IDRI-0379,train,0,-0.759485,1.561458,-0.271352,1.640398
LIDC-IDRI-0380-S384-N0,LIDC-IDRI-0380,train,0,-1.189719,0.898368,-0.350417,1.388938
LIDC-IDRI-0380-S384-N1,LIDC-IDRI-0380,train,0,-1.517857,1.64544,5.413382,0.035485
LIDC-IDRI-0385-S389-N0,LIDC-IDRI-0385,train,1,-0.072794,-1.289127,-0.390604,0.702375
LIDC-IDRI-0386-S390-N3,LIDC-IDRI-0386,train,0,-0.722718,-1.030029,-0.158531,-0.281168
LIDC-IDRI-0387-S391-N0,LIDC-IDRI-0387,train,1,0.3617,-0.667784,6.059375,-0.827545
LIDC-IDRI-0390-S394-N0,LIDC-IDRI-0390,val,0,-0.013728,0.466108,-0.318835,1.243541
LIDC-IDRI-0390-S394-N1,LIDC-IDRI-0390,val,0,0.060098,0.418631,-0.303291,0.131761
LIDC-IDRI-0390-S394-N2,LIDC-IDRI-0390,val,0,-0.339033,0.74647,-0.319853,1.123804
LIDC-IDRI-0390-S394-N4,LIDC-IDRI-0390,val,0,-0.141444,0.595155,-0.181425,0.611595
LIDC-IDRI-0390-S394-N5,LIDC-IDRI-0390,val,0,0.647222,0.108375,-0.181263,-0.34779
LIDC-IDRI-0390-S394-N6,LIDC-IDRI-0390,val,0,-0.608219,1.085517,-0.276839,2.361087
LIDC-IDRI-0390-S394-N7,LIDC-IDRI-0390,val,0,-0.70683,1.007677,-0.215552,2.157897
LIDC-IDRI-0395-S399-N0,LIDC-IDRI-0395,train,1,1.247608,-0.520975,-0.157941,-0.698439
LIDC-IDRI-0398-S402-N10,LIDC-IDRI-0398,test,1,0.468534,-1.260663,-0.161358,0.043141
LIDC-IDRI-0399-S403-N0,LIDC-IDRI-0399,val,0,-0.889405,1.173496,-0.275064,0.031236
LIDC-IDRI-0400-S404-N2,LIDC-IDRI-0400,train,1,-0.802585,0.446503,-0.014591,-0.56454
LIDC-IDRI-0402-S406-N5,LIDC-IDRI-0402,test,0,-0.988412,1.369756,-0.06584,-0.938788
LIDC-IDRI-0402-S406-N9,LIDC-IDRI-0402,test,1,1.879629,-0.941133,-0.142306,-0.566626
LIDC-IDRI-0403-S407-N0,LIDC-IDRI-0403,train,0,-0.593281,-1.347487,-0.369371,0.520866
LIDC-IDRI-0404-S408-N0,LIDC-IDRI-0404,train,1,1.512085,-1.528488,-0.092721,-1.261588
LIDC-IDRI-0404-S408-N3,LIDC-IDRI-0404,train,1,1.125046,-1.299765,-0.305938,-0.239466
LIDC-IDRI-0407-S411-N1,LIDC-IDRI-0407,train,1,0.635049,-0.346258,-0.286808,0.995151
LIDC-IDRI-0407-S411-N2,LIDC-IDRI-0407,train,0,-0.875208,0.727184,-0.327575,1.233049
LIDC-IDRI-0409-S413-N0,LIDC-IDRI-0409,val,0,-0.364112,-1.16106,-0.3928,1.747759
LIDC-IDRI-0411-S415-N2,LIDC-IDRI-0411,train,0,-1.021723,-1.227092,-0.209399,0.020976
LIDC-IDRI-0412-S416-N2,LIDC-IDRI-0412,test,0,-1.481675,2.175628,-0.216046,-0.085262
LIDC-IDRI-0413-S417-N0,LIDC-IDRI-0413,test,0,-0.932445,0.875562,0.009663,-0.968678
LIDC-IDRI-0413-S417-N1,LIDC-IDRI-0413,test,0,-1.200408,0.891676,0.018878,-1.158073
LIDC-IDRI-0415-S419-N2,LIDC-IDRI-0415,train,1,-0.415659,0.731852,-0.223323,-0.044281
LIDC-IDRI-0415-S419-N6,LIDC-IDRI-0415,train,1,0.162343,-0.24353,-0.050997,-0.928466
LIDC-IDRI-0419-S423-N0,LIDC-IDRI-0419,train,0,-0.871108,0.2709,-0.082098,-0.359869
LIDC-IDRI-0419-S423-N1,LIDC-IDRI-0419,train,0,-0.715143,0.67134,-0.349718,1.304677
LIDC-IDRI-0420-S424-N0,LIDC-IDRI-0420,val,1,-0.236253,-0.247463,0.02068,-1.364404
LIDC-IDRI-0421-S425-N1,LIDC-IDRI-0421,train,0,-0.715439,1.729476,5.732021,0.89465
LIDC-IDRI-0423-S427-N0,LIDC-IDRI-0423,train,1,1.546398,-0.040475,-0.192715,-0.39606
LIDC-IDRI-0424-S428-N2,LIDC-IDRI-0424,train,1,-1.105784,-0.171892,0.282166,-1.91781
LIDC-IDRI-0426-S430-N0,LIDC-IDRI-0426,test,0,0.246404,0.346124,-0.369474,1.957783
LIDC-IDRI-0427-S431-N0,LIDC-IDRI-0427,test,0,-0.424375,-1.090505,-0.16825,-0.216211
LIDC-IDRI-0427-S431-N1,LIDC-IDRI-0427,test,0,-1.172752,-0.863502,-0.158434,-0.694671
LIDC-IDRI-0427-S431-N3,LIDC-IDRI-0427,test,0,-1.197899,-1.049184,-0.276728,-0.19415
LIDC-IDRI-0430-S434-N1,LIDC-IDRI-0430,train,0,-1.009375,-1.09063,-0.236363,-0.035831
LIDC-IDRI-0433-S437-N2,LIDC-IDRI-0433,train,0,-0.693791,-1.056907,0.024253,-1.250031
LIDC-IDRI-0434-S438-N2,LIDC-IDRI-0434,train,0,-0.939368,-1.064932,0.03588,-1.301167
LIDC-IDRI-0435-S439-N0,LIDC-IDRI-0435,test,0,-0.731916,0.453242,-0.156098,1.75575
LIDC-IDRI-0435-S439-N5,LIDC-IDRI-0435,test,0,-0.911686,0.610243,5.562285,-0.071893
LIDC-IDRI-0435-S439-N6,LIDC-IDRI-0435,test,0,-1.220138,1.474661,6.381882,-1.2472
LIDC-IDRI-0436-S440-N0,LIDC-IDRI-0436,train,1,2.683496,-0.748156,-0.303546,0.471961
LIDC-IDRI-0437-S441-N0,LIDC-IDRI-0437,train,0,-0.394197,-1.201879,-0.181641,-0.05897
LIDC-IDRI-0437-S441-N2,LIDC-IDRI-0437,train,0,-0.780891,-1.043972,-0.296582,0.372652
LIDC-IDRI-0437-S441-N3,LIDC-IDRI-0437,train,0,-0.665056,-1.129784,-0.229211,0.325485
LIDC-IDRI-0439-S443-N1,LIDC-IDRI-0439,val,1,1.484297,-1.064289,-0.095112,-0.340513
LIDC-IDRI-0440-S444-N1,LIDC-IDRI-0440,train,0,0.432681,-1.245383,-0.16229,-0.849095
LIDC-IDRI-0442-S446-N1,LIDC-IDRI-0442,val,0,-0.757964,0.829947,-0.244524,0.506648
LIDC-IDRI-0442-S446-N2,LIDC-IDRI-0442,val,0,-1.337712,2.267731,-0.278934,2.473295
LIDC-IDRI-0443-S448-N0,LIDC-IDRI-0443,train,0,-0.810642,-1.085787,-0.205823,-0.136395
LIDC-IDRI-0445-S450-N1,LIDC-IDRI-0445,train,1,-0.92314,0.454537,-0.033676,-1.161663
LIDC-IDRI-0447-S452-N1,LIDC-IDRI-0447,train,1,0.916116,-0.389696,-0.093355,-0.870598
LIDC-IDRI-0448-S453-N1,LIDC-IDRI-0448,train,1,-1.087828,-0.915498,-0.047515,-0.83745
LIDC-IDRI-0450-S455-N2,LIDC-IDRI-0450,train,0,-1.030869,0.655991,-0.071593,-0.3238
LIDC-IDRI-0450-S455-N6,LIDC-IDRI-0450,train,1,-0.313322,0.448449,-0.339183,0.444611
LIDC-IDRI-0450-S455-N7,LIDC-IDRI-0450,train,1,0.110563,-0.671507,-0.146627,-0.479829
LIDC-IDRI-0451-S456-N0,LIDC-IDRI-0451,val,1,0.278151,0.018986,-0.274155,0.638148
LIDC-IDRI-0453-S458-N0,LIDC-IDRI-0453,train,1,-0.03353,-0.149262,-0.192644,-0.33258
LIDC-IDRI-0454-S459-N0,LIDC-IDRI-0454,test,0,-1.043566,1.748503,-0.284261,0.362094
LIDC-IDRI-0454-S459-N3,LIDC-IDRI-0454,test,1,-0.727422,1.022554,-0.192927,-0.29865
LIDC-IDRI-0454-S459-N5,LIDC-IDRI-0454,test,0,-1.283991,2.291365,-0.20124,0.303718
LIDC-IDRI-0454-S459-N6,LIDC-IDRI-0454,test,1,1.700758,-1.217114,0.064065,-1.513803
LIDC-IDRI-0456-S461-N0,LIDC-IDRI-0456,val,0,-0.280903,-1.20144,-0.339523,1.248116
LIDC-IDRI-0456-S461-N2,LIDC-IDRI-0456,val,0,-1.707623,-0.735417,-0.184976,-0.341332
LIDC-IDRI-0461-S466-N5,LIDC-IDRI-0461,train,0,-1.206721,1.534509,-0.307335,1.118702
LIDC-IDRI-0462-S467-N1,LIDC-IDRI-0462,train,1,0.630932,-1.354595,-0.051414,-1.223139
LIDC-IDRI-0462-S467-N2,LIDC-IDRI-0462,train,0,0.224786,-1.273975,-0.220029,0.011664
LIDC-IDRI-0463-S468-N0,LIDC-IDRI-0463,train,0,-0.457743,0.090957,-0.222563,1.648651
LIDC-IDRI-0463-S468-N1,LIDC-IDRI-0463,train,0,-0.734019,0.563188,-0.119031,-0.469038
LIDC-IDRI-0464-S469-N2,LIDC-IDRI-0464,train,1,1.320386,-0.784474,-0.194181,-0.46405
LIDC-IDRI-0466-S471-N0,LIDC-IDRI-0466,train,0,-1.080731,1.197219,-0.261355,0.653634
LIDC-IDRI-0466-S471-N1,LIDC-IDRI-0466,train,1,1.50166,-0.786482,-0.33729,0.321542
LIDC-IDRI-0466-S471-N2,LIDC-IDRI-0466,train,1,0.976564,-0.852107,0.117127,-1.424861
LIDC-IDRI-0467-S472-N0,LIDC-IDRI-0467,test,0,-0.970309,0.744486,0.19889,-1.443056
LIDC-IDRI-0469-S474-N0,LIDC-IDRI-0469,test,0,0.840926,-1.325462,-0.15806,-0.502947
LIDC-IDRI-0470-S475-N1,LIDC-IDRI-0470,train,1,1.835773,-0.81191,-0.08406,-0.422178
LIDC-IDRI-0473-S478-N0,LIDC-IDRI-0473,val,0,-1.004919,1.891039,-0.201491,-0.029218
LIDC-IDRI-0473-S478-N1,LIDC-IDRI-0473,val,0,-1.157905,2.102394,-0.284154,1.203262
LIDC-IDRI-0473-S478-N3,LIDC-IDRI-0473,val,0,-1.286631,1.0766,0.247381,-1.681969
LIDC-IDRI-0476-S481-N1,LIDC-IDRI-0476,test,1,0.29437,0.048731,-0.164192,-0.102159
LIDC-IDRI-0476-S481-N2,LIDC-IDRI-0476,test,1,-0.138196,0.624974,-0.329134,1.111309
LIDC-IDRI-0476-S481-N3,LIDC-IDRI-0476,test,0,-0.699238,0.270263,0.008703,-1.1592
LIDC-IDRI-0476-S481-N4,LIDC-IDRI-0476,test,1,0.132694,0.288666,-0.206866,-0.540639
LIDC-IDRI-0476-S481-N5,LIDC-IDRI-0476,test,0,-0.874515,1.129361,-0.17143,-0.267217
LIDC-IDRI-0477-S482-N1,LIDC-IDRI-0477,train,0,-0.73321,0.878267,-0.218962,0.361894
LIDC-IDRI-0481-S486-N0,LIDC-IDRI-0481,test,0,-0.879325,0.307568,0.123382,-1.564274
LIDC-IDRI-0481-S486-N1,LIDC-IDRI-0481,test,0,-1.434925,1.635593,-0.125911,-0.353202
LIDC-IDRI-0481-S486-N2,LIDC-IDRI-0481,test,0,-0.972017,0.529011,-0.149952,-0.50387
LIDC-IDRI-0481-S486-N3,LIDC-IDRI-0481,test,1,0.06961,-0.337839,-0.189686,-0.876958
LIDC-IDRI-0481-S486-N6,LIDC-IDRI-0481,test,1,-0.663489,0.295686,-0.026494,-1.334871
LIDC-IDRI-0484-S490-N0,LIDC-IDRI-0484,val,1,1.193157,-0.435081,-0.375463,0.829537
LIDC-IDRI-0485-S491-N1,LIDC-IDRI-0485,train,0,-0.375307,0.602596,0.096184,-1.532354
LIDC-IDRI-0486-S492-N0,LIDC-IDRI-0486,val,0,-0.734495,-1.177547,0.093668,-1.566162
LIDC-IDRI-0487-S493-N5,LIDC-IDRI-0487,train,0,-1.697818,0.494735,0.00717,-1.056563
LIDC-IDRI-0488-S494-N0,LIDC-IDRI-0488,train,0,-1.508366,-1.100179,-0.227615,0.048621
LIDC-IDRI-0489-S495-N0,LIDC-IDRI-0489,test,1,0.893433,-0.215369,-0.256527,-0.327987
LIDC-IDRI-0489-S495-N2,LIDC-IDRI-0489,test,1,1.56802,-0.62195,-0.204783,0.368845
LIDC-IDRI-0489-S495-N6,LIDC-IDRI-0489,test,1,0.815622,-0.307732,-0.152589,0.093216
LIDC-IDRI-0490-S496-N0,LIDC-IDRI-0490,train,1,0.745172,-1.316912,-0.182128,-0.416768
LIDC-IDRI-0491-S497-N0,LIDC-IDRI-0491,train,0,-1.405577,-0.862184,-0.235174,-0.291713
LIDC-IDRI-0491-S497-N3,LIDC-IDRI-0491,train,0,-0.966747,-1.038287,-0.303439,1.288511
LIDC-IDRI-0491-S497-N7,LIDC-IDRI-0491,train,0,-1.435282,-0.958411,0.016224,-1.1002
LIDC-IDRI-0491-S497-N8,LIDC-IDRI-0491,train,0,0.2597,-1.208791,-0.384106,1.326953
LIDC-IDRI-0492-S498-N1,LIDC-IDRI-0492,val,0,-1.30191,1.621141,-0.076029,-0.797989
LIDC-IDRI-0493-S499-N0,LIDC-IDRI-0493,train,0,-1.399902,-0.984297,-0.271034,0.130763
LIDC-IDRI-0493-S499-N1,LIDC-IDRI-0493,train,1,2.061288,-1.437504,-0.377932,1.028574
LIDC-IDRI-0496-S502-N1,LIDC-IDRI-0496,train,0,-1.243267,0.82166,-0.184168,0.399169
LIDC-IDRI-0497-S503-N0,LIDC-IDRI-0497,train,1,0.409325,-0.771274,0.223559,-1.847513
LIDC-IDRI-0504-S510-N0,LIDC-IDRI-0504,train,1,0.571665,0.154135,-0.285055,1.776702
LIDC-IDRI-0507-S513-N0,LIDC-IDRI-0507,train,1,0.858901,-0.154615,-0.165415,-0.382451
LIDC-IDRI-0507-S513-N2,LIDC-IDRI-0507,train,1,0.802923,-0.196647,-0.164735,-0.800327
LIDC-IDRI-0508-S514-N0,LIDC-IDRI-0508,train,1,1.42542,-1.479457,0.139059,-0.867034
LIDC-IDRI-0510-S516-N0,LIDC-IDRI-0510,test,1,0.237992,-1.328434,-0.118791,-1.060219
LIDC-IDRI-0515-S521-N0,LIDC-IDRI-0515,train,1,1.278712,-0.342781,-0.250373,0.304122
LIDC-IDRI-0521-S527-N0,LIDC-IDRI-0521,train,1,1.175583,-0.093885,-0.114573,-0.774417
LIDC-IDRI-0523-S529-N4,LIDC-IDRI-0523,test,0,-1.135495,1.684345,-0.184842,-0.197801
LIDC-IDRI-0524-S530-N0,LIDC-IDRI-0524,test,0,-1.46188,0.869585,-0.112546,-0.86534
LIDC-IDRI-0525-S531-N2,LIDC-IDRI-0525,train,1,-0.141495,-0.792633,-0.170714,0.263103
LIDC-IDRI-0526-S532-N0,LIDC-IDRI-0526,train,1,0.921762,0.321016,-0.265251,3.240181
LIDC-IDRI-0526-S532-N1,LIDC-IDRI-0526,train,1,0.466302,0.01584,-0.083496,-0.313092
LIDC-IDRI-0526-S532-N5,LIDC-IDRI-0526,train,1,1.924629,-0.24401,-0.218484,-0.216429
LIDC-IDRI-0527-S533-N0,LIDC-IDRI-0527,val,1,0.677827,0.474707,-0.183977,-0.213956
LIDC-IDRI-0529-S535-N3,LIDC-IDRI-0529,train,0,-1.210079,-1.127723,0.013877,-1.325802
LIDC-IDRI-0530-S536-N0,LIDC-IDRI-0530,train,0,0.028932,-0.71387,-0.185811,1.7904
LIDC-IDRI-0533-S539-N0,LIDC-IDRI-0533,test,1,0.433818,0.26076,-0.402058,0.747778
LIDC-IDRI-0535-S541-N1,LIDC-IDRI-0535,test,0,-1.261422,1.438937,-0.182918,-0.029869
LIDC-IDRI-0537-S543-N0,LIDC-IDRI-0537,train,0,-0.853419,-1.084682,-0.179594,-0.390771
LIDC-IDRI-0541-S547-N1,LIDC-IDRI-0541,train,0,-0.45396,1.379758,-0.268804,0.38901
LIDC-IDRI-0542-S548-N2,LIDC-IDRI-0542,test,0,-1.562036,-1.017682,-0.354836,0.540978
LIDC-IDRI-0543-S549-N1,LIDC-IDRI-0543,train,1,0.867035,-1.437267,-0.272735,1.712141
LIDC-IDRI-0546-S552-N0,LIDC-IDRI-0546,train,1,1.573422,-1.256745,-0.305395,0.266014
LIDC-IDRI-0547-S553-N1,LIDC-IDRI-0547,val,0,-0.228287,0.967971,-0.38254,0.779356
LIDC-IDRI-0549-S555-N4,LIDC-IDRI-0549,train,0,-1.091713,1.781519,-0.299784,1.656977
LIDC-IDRI-0549-S555-N5,LIDC-IDRI-0549,train,0,-0.354761,0.013405,-0.041935,-0.826473
LIDC-IDRI-0550-S556-N0,LIDC-IDRI-0550,val,1,0.637941,0.326125,-0.34687,1.728103
LIDC-IDRI-0552-S558-N0,LIDC-IDRI-0552,train,1,-0.219376,0.435517,-0.278531,0.544767
LIDC-IDRI-0559-S565-N0,LIDC-IDRI-0559,val,0,-0.988412,2.051762,-0.289351,1.012009
LIDC-IDRI-0562-S568-N1,LIDC-IDRI-0562,train,1,0.541541,-1.500848,-0.144025,0.236649
LIDC-IDRI-0565-S571-N0,LIDC-IDRI-0565,train,0,-1.000986,0.24244,-0.120361,-0.500712
LIDC-IDRI-0565-S571-N1,LIDC-IDRI-0565,train,0,-0.627813,-0.04364,-0.091701,-0.3961
LIDC-IDRI-0565-S571-N3,LIDC-IDRI-0565,train,0,-1.44248,1.278717,-0.22891,1.082561
LIDC-IDRI-0565-S571-N4,LIDC-IDRI-0565,train,1,1.173304,-0.455652,-0.362787,0.520023
LIDC-IDRI-0566-S572-N0,LIDC-IDRI-0566,test,0,-0.793284,0.084013,-0.039036,-0.560673
LIDC-IDRI-0568-S574-N1,LIDC-IDRI-0568,test,0,-0.563431,-1.097566,-0.210265,-0.06528
LIDC-IDRI-0568-S574-N2,LIDC-IDRI-0568,test,0,-0.848167,-0.982191,-0.21297,-0.157834
LIDC-IDRI-0569-S575-N2,LIDC-IDRI-0569,val,0,-1.37652,1.463782,-0.177024,0.77714
LIDC-IDRI-0572-S578-N0,LIDC-IDRI-0572,train,0,-0.836125,-1.255989,-0.215792,0.957766
LIDC-IDRI-0576-S582-N2,LIDC-IDRI-0576,train,1,0.14275,0.2069,-0.396409,1.548143
LIDC-IDRI-0577-S583-N2,LIDC-IDRI-0577,train,0,-0.516252,1.022243,-0.233373,1.428549
LIDC-IDRI-0578-S584-N0,LIDC-IDRI-0578,val,0,-0.841223,2.043279,-0.165278,0.179026
LIDC-IDRI-0579-S585-N0,LIDC-IDRI-0579,train,0,0.76562,-0.048052,-0.348774,0.809251
LIDC-IDRI-0582-S588-N1,LIDC-IDRI-0582,train,0,-0.834785,0.790703,-0.135621,-0.758464
LIDC-IDRI-0582-S588-N3,LIDC-IDRI-0582,train,0,-1.041742,0.543095,-0.01159,-1.078843
LIDC-IDRI-0582-S588-N5,LIDC-IDRI-0582,train,0,-1.116393,0.851695,-0.168439,-0.57478
LIDC-IDRI-0583-S589-N13,LIDC-IDRI-0583,test,0,-1.027629,-1.037858,-0.387248,0.884189
LIDC-IDRI-0583-S589-N19,LIDC-IDRI-0583,test,1,0.689471,-1.288288,-0.401326,1.030547
LIDC-IDRI-0586-S591-N0,LIDC-IDRI-0586,val,0,-1.163244,0.997892,-0.214046,0.431002
LIDC-IDRI-0586-S591-N1,LIDC-IDRI-0586,val,0,-1.208747,1.352204,-0.250256,1.015541
LIDC-IDRI-0587-S592-N0,LIDC-IDRI-0587,train,1,-0.547748,-1.30939,-0.107175,-0.179851
LIDC-IDRI-0587-S592-N4,LIDC-IDRI-0587,train,1,0.955598,-1.472533,-0.192174,-1.147262
LIDC-IDRI-0590-S595-N0,LIDC-IDRI-0590,train,1,-0.725752,-1.205574,-0.298466,-0.049504
LIDC-IDRI-0595-S600-N0,LIDC-IDRI-0595,train,1,1.822773,-0.462461,-0.387685,1.075748
LIDC-IDRI-0597-S602-N0,LIDC-IDRI-0597,train,1,0.579797,0.500545,-0.124704,-0.05132
LIDC-IDRI-0598-S603-N0,LIDC-IDRI-0598,train,0,-0.707136,0.44234,-0.127875,0.239239
LIDC-IDRI-0601-S606-N0,LIDC-IDRI-0601,val,0,-0.489462,0.119074,-0.061352,-0.549389
LIDC-IDRI-0601-S606-N1,LIDC-IDRI-0601,val,0,0.075825,-0.587779,0.074066,-0.855107
LIDC-IDRI-0601-S606-N3,LIDC-IDRI-0601,val,1,0.940476,-0.330159,-0.398325,1.277229
LIDC-IDRI-0601-S606-N4,LIDC-IDRI-0601,val,0,-0.884647,0.744379,-0.049968,-0.906272
LIDC-IDRI-0602-S607-N1,LIDC-IDRI-0602,val,0,-1.542059,2.114835,-0.27176,0.457428
LIDC-IDRI-0602-S607-N3,LIDC-IDRI-0602,val,0,-1.429471,2.019507,-0.117511,-0.544286
LIDC-IDRI-0604-S609-N1,LIDC-IDRI-0604,train,0,-1.412368,-0.999823,-0.32294,0.242984
LIDC-IDRI-0604-S609-N2,LIDC-IDRI-0604,train,0,-1.244973,-1.039,0.105963,-1.671165
LIDC-IDRI-0604-S609-N4,LIDC-IDRI-0604,train,0,-1.434115,-0.944581,0.032058,-1.365245
LIDC-IDRI-0605-S610-N0,LIDC-IDRI-0605,val,0,-0.267541,-0.355274,-0.085134,-0.573967
LIDC-IDRI-0605-S610-N1,LIDC-IDRI-0605,val,0,-1.110069,0.328885,-0.219421,0.325129
LIDC-IDRI-0605-S610-N2,LIDC-IDRI-0605,val,0,-0.952455,0.310753,-0.327582,1.522161
LIDC-IDRI-0605-S610-N3,LIDC-IDRI-0605,val,0,-1.308826,0.694674,-0.236789,0.658324
LIDC-IDRI-0606-S611-N0,LIDC-IDRI-0606,train,1,0.908435,-1.242296,-0.11131,-0.574747
LIDC-IDRI-0608-S613-N0,LIDC-IDRI-0608,val,1,-0.085532,-1.187806,-0.366506,1.067635
LIDC-IDRI-0608-S613-N1,LIDC-IDRI-0608,val,0,-0.396029,-1.154602,-0.307316,0.845407
LIDC-IDRI-0608-S613-N5,LIDC-IDRI-0608,val,1,0.549077,-1.38052,-0.10086,-0.850048
LIDC-IDRI-0610-S615-N1,LIDC-IDRI-0610,test,1,0.224092,-0.779239,-0.20497,-0.482286
LIDC-IDRI-0613-S618-N0,LIDC-IDRI-0613,train,0,-0.912443,-1.108607,-0.284264,0.566979
LIDC-IDRI-0614-S619-N2,LIDC-IDRI-0614,train,1,0.016566,-1.283259,-0.003301,-1.316244
LIDC-IDRI-0615-S620-N0,LIDC-IDRI-0615,train,0,-0.841731,1.493084,-0.310846,1.144232
LIDC-IDRI-0615-S620-N1,LIDC-IDRI-0615,train,0,-1.064384,1.796574,-0.160279,-0.053185
LIDC-IDRI-0617-S622-N1,LIDC-IDRI-0617,train,1,0.525301,-1.429801,-0.114043,1.30117
LIDC-IDRI-0617-S622-N2,LIDC-IDRI-0617,train,1,-0.279497,-1.12536,-0.277262,0.26428
LIDC-IDRI-0619-S624-N0,LIDC-IDRI-0619,train,1,0.410777,-0.286974,0.066638,-1.454049
LIDC-IDRI-0619-S624-N1,LIDC-IDRI-0619,train,1,1.785792,-0.852905,-0.191717,0.061693
LIDC-IDRI-0620-S625-N0,LIDC-IDRI-0620,train,1,-0.149599,-0.733452,-0.089985,-0.721744
LIDC-IDRI-0620-S625-N1,LIDC-IDRI-0620,train,0,-1.562583,1.242037,0.064252,0.451198
LIDC-IDRI-0624-S629-N3,LIDC-IDRI-0624,train,1,1.115915,-1.455275,-0.159252,-0.535734
LIDC-IDRI-0625-S630-N0,LIDC-IDRI-0625,train,1,-0.221086,0.160199,0.01239,-1.168337
LIDC-IDRI-0626-S631-N0,LIDC-IDRI-0626,val,0,-1.557379,1.896018,6.297225,-1.338611
LIDC-IDRI-0635-S640-N0,LIDC-IDRI-0635,train,1,0.894417,0.308821,-0.320223,1.180364
LIDC-IDRI-0636-S641-N3,LIDC-IDRI-0636,test,0,-1.459895,1.966045,-0.015127,-0.975102
LIDC-IDRI-0636-S641-N4,LIDC-IDRI-0636,test,1,0.508125,-0.688301,-0.238351,-0.45787
LIDC-IDRI-0637-S642-N0,LIDC-IDRI-0637,test,0,-0.736551,0.493219,-0.297624,1.35222
LIDC-IDRI-0637-S642-N1,LIDC-IDRI-0637,test,0,-0.521079,0.216557,-0.340768,0.723275
LIDC-IDRI-0637-S642-N5,LIDC-IDRI-0637,test,0,-1.147716,0.996211,-0.03984,-0.856356
LIDC-IDRI-0639-S1016-N0,LIDC-IDRI-0639,train,1,-0.71475,-1.258761,0.064926,-1.34792
LIDC-IDRI-0640-S1015-N0,LIDC-IDRI-0640,val,0,-0.187696,0.562644,-0.336488,1.613898
LIDC-IDRI-0641-S1014-N1,LIDC-IDRI-0641,test,0,-1.402699,0.683025,-0.205567,0.074153
LIDC-IDRI-0641-S1014-N3,LIDC-IDRI-0641,test,0,0.669703,-0.659657,-0.255801,0.534848
LIDC-IDRI-0641-S1014-N4,LIDC-IDRI-0641,test,0,-0.235478,-0.217732,-0.323074,1.427051
LIDC-IDRI-0641-S1014-N6,LIDC-IDRI-0641,test,0,-0.580182,-0.615881,-0.094431,0.078961
LIDC-IDRI-0642-S1013-N0,LIDC-IDRI-0642,train,1,0.196598,0.480243,-0.304686,0.53117
LIDC-IDRI-0642-S1013-N3,LIDC-IDRI-0642,train,0,-0.732219,1.41845,-0.294351,2.047523
LIDC-IDRI-0643-S1012-N2,LIDC-IDRI-0643,train,0,-0.860498,0.353887,-0.038051,0.289259
LIDC-IDRI-0644-S1011-N0,LIDC-IDRI-0644,test,0,-1.162167,2.209982,-0.237805,0.296967
LIDC-IDRI-0645-S1010-N0,LIDC-IDRI-0645,test,1,-0.445933,0.227554,0.204448,-1.724943
LIDC-IDRI-0648-S1007-N2,LIDC-IDRI-0648,train,0,0.142466,-1.102495,-0.264304,0.196854
LIDC-IDRI-0649-S1006-N0,LIDC-IDRI-0649,val,0,-1.200015,2.177089,-0.265931,0.305462
LIDC-IDRI-0649-S1006-N1,LIDC-IDRI-0649,val,0,-1.301667,2.255616,-0.297169,1.012012
LIDC-IDRI-0649-S1006-N2,LIDC-IDRI-0649,val,0,-1.525404,2.789924,-0.213639,0.16911
LIDC-IDRI-0649-S1006-N3,LIDC-IDRI-0649,val,0,-1.403141,1.996856,-0.183322,0.119527
LIDC-IDRI-0649-S1006-N5,LIDC-IDRI-0649,val,0,-1.768203,3.240988,0.05507,-1.055578
LIDC-IDRI-0649-S1006-N6,LIDC-IDRI-0649,val,0,-1.31153,1.789741,0.007028,-0.834936
LIDC-IDRI-0649-S1006-N7,LIDC-IDRI-0649,val,0,-1.761242,2.785279,0.116504,-0.996079
LIDC-IDRI-0649-S1006-N9,LIDC-IDRI-0649,val,0,-1.293407,1.558202,-0.122813,0.257256
LIDC-IDRI-0649-S1006-N10,LIDC-IDRI-0649,val,0,-1.619303,1.926517,0.070023,-0.996079
LIDC-IDRI-0655-S1000-N1,LIDC-IDRI-0655,val,0,-0.831871,1.07219,-0.332277,0.539311
LIDC-IDRI-0655-S1000-N5,LIDC-IDRI-0655,val,1,0.774538,-1.186087,-0.291157,-0.302443
LIDC-IDRI-0655-S1000-N6,LIDC-IDRI-0655,val,0,-0.79976,-0.231801,0.00522,-1.00322
LIDC-IDRI-0655-S1000-N7,LIDC-IDRI-0655,val,0,-0.828869,0.191424,-0.273595,0.886921
LIDC-IDRI-0656-S999-N0,LIDC-IDRI-0656,train,0,-1.058724,1.016682,0.030188,-1.059184
LIDC-IDRI-0660-S995-N4,LIDC-IDRI-0660,train,1,-0.278155,0.097522,-0.173437,-0.660167
LIDC-IDRI-0661-S994-N3,LIDC-IDRI-0661,train,0,-1.461267,1.991949,0.195786,-1.571788
LIDC-IDRI-0663-S992-N2,LIDC-IDRI-0663,train,1,-0.590261,-1.17615,-0.088419,-0.595361
LIDC-IDRI-0671-S984-N2,LIDC-IDRI-0671,test,1,0.023632,0.113915,-0.034817,-1.346139
LIDC-IDRI-0671-S984-N3,LIDC-IDRI-0671,test,1,1.091857,-0.148765,-0.154434,-0.585265
LIDC-IDRI-0672-S983-N0,LIDC-IDRI-0672,train,0,-1.021995,-1.112617,-0.259549,0.812374
LIDC-IDRI-0674-S981-N4,LIDC-IDRI-0674,train,0,-0.991591,1.162993,-0.129323,-0.37999
LIDC-IDRI-0678-S977-N0,LIDC-IDRI-0678,val,1,0.031374,-0.942808,-0.210642,-0.423306
LIDC-IDRI-0682-S973-N0,LIDC-IDRI-0682,val,1,0.021552,-0.300306,-0.229038,1.62317
LIDC-IDRI-0686-S969-N3,LIDC-IDRI-0686,train,1,-0.850634,0.212361,0.247521,-1.801476
LIDC-IDRI-0686-S969-N4,LIDC-IDRI-0686,train,1,-0.464706,0.536159,-0.165917,-0.746372
LIDC-IDRI-0686-S969-N5,LIDC-IDRI-0686,train,0,-0.710071,0.432465,0.024501,-1.362226
LIDC-IDRI-0686-S969-N11,LIDC-IDRI-0686,train,1,0.378729,-0.175307,-0.136503,-0.564023
LIDC-IDRI-0686-S969-N14,LIDC-IDRI-0686,train,1,-0.505102,0.439622,-0.067406,-0.843517
LIDC-IDRI-0686-S969-N15,LIDC-IDRI-0686,train,1,-0.216032,-0.060838,-0.03666,-0.555271
LIDC-IDRI-0686-S969-N16,LIDC-IDRI-0686,train,1,-0.447944,0.524167,-0.15947,-0.486731
LIDC-IDRI-0688-S967-N2,LIDC-IDRI-0688,train,1,0.912196,-1.428865,-0.199232,-0.706385
LIDC-IDRI-0696-S959-N0,LIDC-IDRI-0696,train,0,-1.685493,-0.883532,0.024344,-0.947271
LIDC-IDRI-0697-S958-N0,LIDC-IDRI-0697,test,1,2.344989,-1.106509,-0.164642,-0.750891
LIDC-IDRI-0698-S957-N0,LIDC-IDRI-0698,train,1,0.468151,-1.464688,-0.028854,0.023147
LIDC-IDRI-0698-S957-N1,LIDC-IDRI-0698,train,1,1.239343,-1.525134,-0.280883,-0.265463
LIDC-IDRI-0700-S955-N0,LIDC-IDRI-0700,train,0,-0.639551,-1.171292,-0.156338,-0.773998
LIDC-IDRI-0701-S954-N3,LIDC-IDRI-0701,train,1,1.071289,-1.513082,0.240879,-1.2116
LIDC-IDRI-0702-S953-N4,LIDC-IDRI-0702,test,1,1.950206,-1.564688,-0.22534,-0.806521
LIDC-IDRI-0704-S951-N0,LIDC-IDRI-0704,train,0,-1.07681,-0.939334,-0.261252,-0.093677
LIDC-IDRI-0705-S950-N0,LIDC-IDRI-0705,test,1,0.454766,-1.249884,-0.195309,-0.303806
LIDC-IDRI-0706-S949-N0,LIDC-IDRI-0706,test,1,0.706991,0.181154,-0.148906,-0.280255
LIDC-IDRI-0708-S947-N0,LIDC-IDRI-0708,val,1,1.7602,-0.699973,-0.171111,-0.805246
LIDC-IDRI-0708-S947-N1,LIDC-IDRI-0708,val,0,-0.988412,2.093703,-0.32975,1.058982
LIDC-IDRI-0709-S946-N1,LIDC-IDRI-0709,test,1,1.837483,-0.908244,-0.238579,1.399938
LIDC-IDRI-0709-S946-N4,LIDC-IDRI-0709,test,0,-1.08051,0.777582,-0.178498,4.264314
LIDC-IDRI-0713-S942-N0,LIDC-IDRI-0713,train,0,-1.193473,1.825444,6.235632,-0.647175
LIDC-IDRI-0713-S942-N5,LIDC-IDRI-0713,train,0,-0.60175,0.605944,-0.171731,1.392011
LIDC-IDRI-0713-S942-N6,LIDC-IDRI-0713,train,1,2.005016,-0.770929,-0.311668,0.180242
LIDC-IDRI-0715-S940-N0,LIDC-IDRI-0715,val,1,1.495841,-1.569468,-0.260214,-0.048896
LIDC-IDRI-0717-S938-N0,LIDC-IDRI-0717,train,0,-0.54134,0.091335,-0.003643,-1.076858
LIDC-IDRI-0719-S936-N0,LIDC-IDRI-0719,train,1,0.699294,-0.655917,-0.017418,-1.029724
LIDC-IDRI-0720-S935-N0,LIDC-IDRI-0720,val,1,0.202561,-1.289155,-0.166793,-0.923204
LIDC-IDRI-0722-S933-N0,LIDC-IDRI-0722,val,0,-0.074321,-1.301927,-0.335142,0.270754
LIDC-IDRI-0724-S931-N3,LIDC-IDRI-0724,test,0,-0.2426,0.626133,-0.359349,2.29885
LIDC-IDRI-0726-S929-N1,LIDC-IDRI-0726,train,0,-0.741739,0.841427,-0.18497,0.063771
LIDC-IDRI-0727-S928-N0,LIDC-IDRI-0727,train,0,-1.480533,-0.881448,-0.09335,-0.706848
LIDC-IDRI-0729-S926-N0,LIDC-IDRI-0729,train,0,-1.438656,2.765934,-0.245541,-0.066799
LIDC-IDRI-0730-S925-N0,LIDC-IDRI-0730,test,1,-1.210266,0.912895,-0.055296,-0.451798
LIDC-IDRI-0732-S923-N1,LIDC-IDRI-0732,train,1,0.654662,-0.306378,-0.3994,0.648174
LIDC-IDRI-0734-S921-N0,LIDC-IDRI-0734,train,1,0.077829,-1.304695,-0.288157,1.155426
LIDC-IDRI-0735-S920-N1,LIDC-IDRI-0735,train,0,-1.486508,1.125734,-0.188779,0.114995
LIDC-IDRI-0740-S915-N0,LIDC-IDRI-0740,val,1,-0.203193,-0.484777,-0.230003,0.099964
LIDC-IDRI-0741-S914-N1,LIDC-IDRI-0741,train,1,0.726816,-1.257061,-0.098507,-1.012691
LIDC-IDRI-0741-S914-N4,LIDC-IDRI-0741,train,0,-0.647794,-1.121097,-0.228202,0.2988
LIDC-IDRI-0748-S907-N2,LIDC-IDRI-0748,train,0,-1.04422,0.469966,-0.209441,0.434872
LIDC-IDRI-0748-S907-N5,LIDC-IDRI-0748,train,0,-1.211015,0.594353,-0.299569,1.208359
LIDC-IDRI-0748-S907-N6,LIDC-IDRI-0748,train,0,-1.50503,0.911292,-0.18252,1.816571
LIDC-IDRI-0749-S906-N0,LIDC-IDRI-0749,test,0,0.406563,0.332352,-0.392872,1.932348
LIDC-IDRI-0749-S906-N1,LIDC-IDRI-0749,test,1,-0.598678,0.783809,-0.196941,0.125995
LIDC-IDRI-0749-S906-N2,LIDC-IDRI-0749,test,1,1.099227,-0.112047,-0.286253,0.203156
LIDC-IDRI-0749-S906-N4,LIDC-IDRI-0749,test,1,1.175183,-0.360057,-0.209592,0.130826
LIDC-IDRI-0749-S906-N5,LIDC-IDRI-0749,test,1,-0.405817,0.670864,-0.282172,2.053045
LIDC-IDRI-0751-S904-N0,LIDC-IDRI-0751,test,1,2.136743,-0.682127,-0.24898,0.091373
LIDC-IDRI-0751-S904-N2,LIDC-IDRI-0751,test,1,1.04882,-0.788211,0.077686,3.649911
LIDC-IDRI-0751-S904-N3,LIDC-IDRI-0751,test,0,-0.250234,0.225862,-0.108927,0.869941
LIDC-IDRI-0751-S904-N4,LIDC-IDRI-0751,test,0,-0.717645,0.930773,5.69811,-0.201723
LIDC-IDRI-0751-S904-N5,LIDC-IDRI-0751,test,0,-1.106376,1.522751,-0.342584,2.118461
LIDC-IDRI-0751-S904-N6,LIDC-IDRI-0751,test,1,2.154075,-0.901005,-0.307824,0.268909
LIDC-IDRI-0752-S903-N1,LIDC-IDRI-0752,val,1,0.352426,-0.767627,-0.000744,-1.143426
LIDC-IDRI-0756-S899-N0,LIDC-IDRI-0756,train,1,0.702754,-1.52117,0.435316,-2.211452
LIDC-IDRI-0759-S896-N1,LIDC-IDRI-0759,val,1,-0.105054,0.234982,-0.334873,1.429289
LIDC-IDRI-0761-S894-N2,LIDC-IDRI-0761,train,1,-0.28878,0.573264,-0.253767,-0.213475
LIDC-IDRI-0763-S892-N1,LIDC-IDRI-0763,test,0,-1.357829,1.729934,-0.283177,0.446011
LIDC-IDRI-0768-S887-N0,LIDC-IDRI-0768,train,1,0.140472,-0.415444,-0.220491,1.652962
LIDC-IDRI-0770-S885-N4,LIDC-IDRI-0770,test,1,-0.183029,-0.548368,0.048902,-1.194305
LIDC-IDRI-0771-S884-N0,LIDC-IDRI-0771,train,0,-0.628439,-1.252237,-0.3261,0.861548
LIDC-IDRI-0772-S883-N0,LIDC-IDRI-0772,train,1,2.568823,-0.47592,-0.388382,0.476886
LIDC-IDRI-0772-S883-N1,LIDC-IDRI-0772,train,1,1.335926,-0.619131,-0.095601,-1.053086
LIDC-IDRI-0773-S882-N4,LIDC-IDRI-0773,train,0,0.051816,0.765114,-0.384529,2.501811
LIDC-IDRI-0775-S880-N0,LIDC-IDRI-0775,train,1,-1.241452,1.299559,-0.303482,0.399173
LIDC-IDRI-0775-S880-N1,LIDC-IDRI-0775,train,1,1.960899,-0.493974,-0.376353,0.835498
LIDC-IDRI-0775-S880-N2,LIDC-IDRI-0775,train,1,-0.361571,0.188197,-0.119246,-0.826709
LIDC-IDRI-0775-S880-N3,LIDC-IDRI-0775,train,1,-0.018123,0.01078,-0.124313,-0.86043
LIDC-IDRI-0776-S879-N0,LIDC-IDRI-0776,train,1,0.063697,0.008954,-0.110066,-0.587405
LIDC-IDRI-0776-S879-N2,LIDC-IDRI-0776,train,1,0.753213,-0.261825,-0.157526,-0.758048
LIDC-IDRI-0777-S878-N1,LIDC-IDRI-0777,val,0,-0.998464,0.653161,-0.215564,0.387413
LIDC-IDRI-0777-S878-N3,LIDC-IDRI-0777,val,0,-0.796763,0.191916,0.231177,-1.645224
LIDC-IDRI-0785-S870-N0,LIDC-IDRI-0785,val,0,-1.120264,1.303246,-0.025553,-1.144376
LIDC-IDRI-0785-S870-N4,LIDC-IDRI-0785,val,1,1.986853,-0.784928,-0.247728,-0.161936
LIDC-IDRI-0788-S867-N0,LIDC-IDRI-0788,train,0,-1.253036,0.706926,-0.179561,0.20615
LIDC-IDRI-0788-S867-N3,LIDC-IDRI-0788,train,1,0.290635,-0.675378,-0.072118,-0.615751
LIDC-IDRI-0789-S866-N0,LIDC-IDRI-0789,val,0,-1.182518,-1.03388,0.219691,-1.827297
LIDC-IDRI-0791-S864-N0,LIDC-IDRI-0791,test,0,1.162347,-1.228947,-0.354351,0.760052
LIDC-IDRI-0794-S861-N0,LIDC-IDRI-0794,test,0,-0.350327,-1.312173,-0.200695,0.374718
LIDC-IDRI-0795-S860-N0,LIDC-IDRI-0795,test,0,-0.422241,-0.162072,-0.192424,0.462305
LIDC-IDRI-0796-S859-N0,LIDC-IDRI-0796,train,1,1.406972,-0.805751,0.076484,-1.408829
LIDC-IDRI-0797-S858-N0,LIDC-IDRI-0797,train,0,-1.143238,1.295111,-0.051037,-0.645846
LIDC-IDRI-0798-S857-N0,LIDC-IDRI-0798,train,0,-0.516418,1.017106,-0.146603,-0.518084
LIDC-IDRI-0798-S857-N2,LIDC-IDRI-0798,train,1,1.39407,-0.122424,-0.329398,0.570363
LIDC-IDRI-0799-S856-N0,LIDC-IDRI-0799,val,1,-0.578016,-0.219261,-0.112059,0.479586
LIDC-IDRI-0800-S855-N0,LIDC-IDRI-0800,val,0,-1.239356,1.964186,-0.33067,1.160761
LIDC-IDRI-0800-S855-N1,LIDC-IDRI-0800,val,0,0.476193,-0.472254,0.027701,4.459683
LIDC-IDRI-0801-S854-N1,LIDC-IDRI-0801,train,0,-0.514413,0.347799,-0.217622,0.12929
LIDC-IDRI-0806-S849-N3,LIDC-IDRI-0806,train,0,-1.775005,-0.73899,0.050608,-1.472944
LIDC-IDRI-0806-S849-N4,LIDC-IDRI-0806,train,0,-0.622417,-1.212689,0.220928,-1.898187
LIDC-IDRI-0807-S848-N3,LIDC-IDRI-0807,test,0,0.398482,0.035588,-0.208776,-0.466684
LIDC-IDRI-0810-S845-N1,LIDC-IDRI-0810,train,0,-1.090691,-1.225812,-0.307014,0.199369
LIDC-IDRI-0810-S845-N2,LIDC-IDRI-0810,train,1,-0.29435,-1.332436,-0.071087,0.512899
LIDC-IDRI-0811-S844-N0,LIDC-IDRI-0811,train,1,2.04226,-1.517197,-0.121795,-0.799395
LIDC-IDRI-0814-S841-N0,LIDC-IDRI-0814,val,0,-1.234852,0.512145,-0.257995,-0.167755
LIDC-IDRI-0815-S840-N0,LIDC-IDRI-0815,test,1,0.36535,-1.454185,0.005816,0.909931
LIDC-IDRI-0819-S836-N1,LIDC-IDRI-0819,train,0,-1.596104,-0.868248,-0.267229,-0.215155
LIDC-IDRI-0819-S836-N2,LIDC-IDRI-0819,train,1,1.394096,-1.362583,-0.266504,-0.241639
LIDC-IDRI-0822-S833-N3,LIDC-IDRI-0822,train,0,-1.685906,-0.766826,-0.330733,1.207399
LIDC-IDRI-0822-S833-N5,LIDC-IDRI-0822,train,0,-1.011053,-1.044361,-0.272521,0.241697
LIDC-IDRI-0822-S833-N6,LIDC-IDRI-0822,train,0,-0.407467,-1.134106,-0.426173,1.166995
LIDC-IDRI-0825-S830-N0,LIDC-IDRI-0825,train,0,-0.244083,-0.338837,-0.087495,-0.079566
LIDC-IDRI-0826-S829-N0,LIDC-IDRI-0826,train,1,-0.62448,-1.330973,0.185974,-1.988518
LIDC-IDRI-0826-S829-N1,LIDC-IDRI-0826,train,1,-0.793131,-1.27802,0.314998,-2.330068
LIDC-IDRI-0827-S828-N1,LIDC-IDRI-0827,train,0,-1.096398,-1.006753,-0.254964,0.618837
LIDC-IDRI-0827-S828-N2,LIDC-IDRI-0827,train,0,-1.262998,-1.089864,-0.111442,-0.898265
LIDC-IDRI-0828-S827-N0,LIDC-IDRI-0828,val,1,-1.093217,0.492582,0.326857,-1.836619
LIDC-IDRI-0829-S826-N0,LIDC-IDRI-0829,test,1,1.949774,-1.306397,0.041183,0.419994
LIDC-IDRI-0835-S820-N1,LIDC-IDRI-0835,train,0,-0.394144,-1.266035,-0.32636,0.333855
LIDC-IDRI-0837-S818-N1,LIDC-IDRI-0837,train,0,-1.234132,-1.172028,-0.332664,0.573207
LIDC-IDRI-0838-S817-N0,LIDC-IDRI-0838,train,1,0.802118,-1.285016,-0.326891,0.34951
LIDC-IDRI-0838-S817-N1,LIDC-IDRI-0838,train,0,-1.3698,-1.076521,-0.125396,-0.797398
LIDC-IDRI-0838-S817-N4,LIDC-IDRI-0838,train,0,-0.986636,-1.148882,-0.114433,-1.126708
LIDC-IDRI-0843-S812-N1,LIDC-IDRI-0843,train,0,-0.740181,1.073198,-0.196347,-0.010913
LIDC-IDRI-0843-S812-N3,LIDC-IDRI-0843,train,0,-0.050651,0.208687,-0.149055,-0.410401
LIDC-IDRI-0843-S812-N5,LIDC-IDRI-0843,train,0,-0.221281,-0.294186,-0.046352,-1.127272
LIDC-IDRI-0844-S811-N1,LIDC-IDRI-0844,train,1,0.470333,-1.38771,-0.250153,0.315613
LIDC-IDRI-0849-S806-N1,LIDC-IDRI-0849,train,0,-1.080843,-1.0695,-0.327112,0.415501
LIDC-IDRI-0849-S806-N4,LIDC-IDRI-0849,train,0,-0.735573,-1.279385,-0.182396,1.698701
LIDC-IDRI-0850-S805-N0,LIDC-IDRI-0850,test,1,1.234585,-0.75399,-0.234132,-0.277362
LIDC-IDRI-0850-S805-N2,LIDC-IDRI-0850,test,0,-1.121939,0.18026,0.466902,-2.192431
LIDC-IDRI-0851-S804-N0,LIDC-IDRI-0851,train,0,-1.103139,-0.915115,-0.163494,-0.051995
LIDC-IDRI-0852-S803-N0,LIDC-IDRI-0852,train,0,-1.155939,-0.03426,-0.115715,-0.257696
LIDC-IDRI-0854-S801-N1,LIDC-IDRI-0854,val,0,-0.720101,-1.216404,-0.231505,0.092482
LIDC-IDRI-0854-S801-N3,LIDC-IDRI-0854,val,0,-1.382152,-0.956292,-0.109276,-0.591155
LIDC-IDRI-0855-S800-N1,LIDC-IDRI-0855,train,0,0.019396,0.310874,-0.120083,3.187215
LIDC-IDRI-0855-S800-N14,LIDC-IDRI-0855,train,0,-0.917834,1.762281,-0.281367,2.607144
LIDC-IDRI-0855-S800-N15,LIDC-IDRI-0855,train,0,-0.926149,2.660626,-0.218931,3.595945
LIDC-IDRI-0857-S798-N0,LIDC-IDRI-0857,train,0,-1.02562,-1.170753,-0.215671,-0.499867
LIDC-IDRI-0858-S797-N2,LIDC-IDRI-0858,val,0,0.095795,-1.245078,-0.388519,1.135968
LIDC-IDRI-0858-S797-N10,LIDC-IDRI-0858,val,1,0.023597,-1.224571,-0.189141,-0.469026
LIDC-IDRI-0858-S797-N12,LIDC-IDRI-0858,val,0,-1.308826,-0.959433,0.091097,-1.5798
LIDC-IDRI-0860-S795-N0,LIDC-IDRI-0860,train,0,-0.133049,0.451873,-0.399229,1.061208
LIDC-IDRI-0860-S795-N1,LIDC-IDRI-0860,train,1,0.007242,0.101132,-0.256108,-0.195128
LIDC-IDRI-0861-S794-N0,LIDC-IDRI-0861,train,0,-0.734222,1.266937,5.556217,1.3389
LIDC-IDRI-0861-S794-N1,LIDC-IDRI-0861,train,1,1.610805,-1.120576,0.082747,0.197958
LIDC-IDRI-0863-S792-N0,LIDC-IDRI-0863,train,1,-0.277085,-0.162957,-0.062769,0.118978
LIDC-IDRI-0863-S792-N1,LIDC-IDRI-0863,train,0,-1.026804,-0.269358,0.107746,-0.365034
LIDC-IDRI-0865-S790-N0,LIDC-IDRI-0865,test,1,1.801815,-0.732241,-0.138029,-0.501136
LIDC-IDRI-0866-S789-N1,LIDC-IDRI-0866,val,0,-0.936213,0.697257,0.033215,-1.198604
LIDC-IDRI-0867-S788-N0,LIDC-IDRI-0867,train,0,-1.07352,-0.90406,-0.046899,-0.865925
LIDC-IDRI-0867-S788-N1,LIDC-IDRI-0867,train,1,-0.199638,-1.294567,0.414556,-1.890738
LIDC-IDRI-0869-S786-N1,LIDC-IDRI-0869,train,1,1.782898,0.119556,-0.231851,-0.249866
LIDC-IDRI-0870-S785-N8,LIDC-IDRI-0870,train,0,-1.345922,1.338968,-0.200122,0.861165
LIDC-IDRI-0871-S784-N3,LIDC-IDRI-0871,train,0,-1.676716,1.977437,-0.114684,-0.398117
LIDC-IDRI-0871-S784-N5,LIDC-IDRI-0871,train,0,-0.658525,0.402516,-0.096614,0.030276
LIDC-IDRI-0871-S784-N7,LIDC-IDRI-0871,train,0,-1.005706,0.367898,0.093407,-1.415199
LIDC-IDRI-0874-S781-N0,LIDC-IDRI-0874,test,0,0.760673,-1.446326,-0.218758,0.884851
LIDC-IDRI-0875-S780-N1,LIDC-IDRI-0875,train,1,0.873033,-0.258016,-0.374766,1.077327
LIDC-IDRI-0879-S776-N0,LIDC-IDRI-0879,test,0,0.64565,-0.075249,0.022531,-1.454622
LIDC-IDRI-0879-S776-N7,LIDC-IDRI-0879,test,0,-0.318591,0.266446,0.030688,-1.334479
LIDC-IDRI-0880-S775-N2,LIDC-IDRI-0880,val,0,-0.659897,0.437224,-0.046468,-0.975244
LIDC-IDRI-0884-S771-N1,LIDC-IDRI-0884,train,1,1.439398,-0.712589,-0.350962,1.034971
LIDC-IDRI-0886-S769-N2,LIDC-IDRI-0886,train,1,0.744874,0.020086,-0.151331,-0.113771
LIDC-IDRI-0890-S765-N2,LIDC-IDRI-0890,test,1,1.496693,-1.022982,-0.043017,0.215488
LIDC-IDRI-0892-S763-N0,LIDC-IDRI-0892,val,1,1.24396,0.071082,-0.335083,1.050719
LIDC-IDRI-0892-S763-N1,LIDC-IDRI-0892,val,1,1.407111,-0.007697,-0.308656,0.312843
LIDC-IDRI-0892-S763-N2,LIDC-IDRI-0892,val,1,1.067294,0.182032,-0.373996,0.839297
LIDC-IDRI-0892-S763-N3,LIDC-IDRI-0892,val,0,-0.482647,0.693632,-0.134129,0.83276
LIDC-IDRI-0893-S762-N1,LIDC-IDRI-0893,train,1,1.401298,-0.36991,-0.274785,-0.235627
LIDC-IDRI-0893-S762-N2,LIDC-IDRI-0893,train,0,-1.308798,2.16189,-0.285347,0.257877
LIDC-IDRI-0895-S760-N2,LIDC-IDRI-0895,train,1,-0.658431,-1.179434,0.197232,-1.996936
LIDC-IDRI-0896-S759-N0,LIDC-IDRI-0896,train,1,0.300444,-0.324391,-0.305735,0.288605
LIDC-IDRI-0898-S757-N2,LIDC-IDRI-0898,val,1,-1.057606,0.635457,-0.129583,-0.48373
LIDC-IDRI-0902-S753-N0,LIDC-IDRI-0902,train,0,-0.01679,-1.325504,-0.178264,0.006107
LIDC-IDRI-0904-S751-N2,LIDC-IDRI-0904,train,1,0.012543,-0.363378,-0.133182,-0.645262
LIDC-IDRI-0905-S750-N0,LIDC-IDRI-0905,train,1,0.415258,-1.396735,-0.256484,0.733061
LIDC-IDRI-0906-S749-N1,LIDC-IDRI-0906,test,0,-1.470583,0.677149,-0.193859,0.901129
LIDC-IDRI-0906-S749-N3,LIDC-IDRI-0906,test,0,-1.236536,0.55727,5.475676,-0.185664
LIDC-IDRI-0908-S747-N0,LIDC-IDRI-0908,train,0,-1.240147,-1.01531,0.374539,-2.318896
LIDC-IDRI-0910-S745-N0,LIDC-IDRI-0910,train,1,2.035664,-0.802283,-0.132648,-0.972373
LIDC-IDRI-0910-S745-N1,LIDC-IDRI-0910,train,1,0.861974,-0.244887,-0.357583,0.757036
LIDC-IDRI-0911-S744-N0,LIDC-IDRI-0911,train,0,0.967576,-0.06894,-0.330806,0.555825
LIDC-IDRI-0912-S743-N0,LIDC-IDRI-0912,val,0,-1.215877,-0.816522,-0.214704,-0.172018
LIDC-IDRI-0912-S743-N2,LIDC-IDRI-0912,val,1,0.118698,-1.098556,-0.346796,0.422692
LIDC-IDRI-0912-S743-N5,LIDC-IDRI-0912,val,0,-1.044392,-0.93196,-0.395806,1.13836
LIDC-IDRI-0913-S742-N0,LIDC-IDRI-0913,test,0,-1.112976,-1.286192,-0.243902,0.035688
LIDC-IDRI-0913-S742-N2,LIDC-IDRI-0913,test,1,0.70701,-1.343625,-0.387302,0.672943
LIDC-IDRI-0914-S741-N0,LIDC-IDRI-0914,train,0,-1.602471,2.182662,-0.237089,0.253397
LIDC-IDRI-0916-S739-N1,LIDC-IDRI-0916,test,0,-1.455819,2.353394,5.577061,0.402442
LIDC-IDRI-0916-S739-N2,LIDC-IDRI-0916,test,0,-1.169538,1.86727,-0.199035,0.484107
LIDC-IDRI-0916-S739-N7,LIDC-IDRI-0916,test,0,-1.017822,0.558279,-0.183268,0.534363
LIDC-IDRI-0919-S736-N0,LIDC-IDRI-0919,train,1,0.577212,-0.80578,-0.003945,0.396475
LIDC-IDRI-0921-S734-N0,LIDC-IDRI-0921,train,1,0.193413,-1.372439,-0.173409,-0.261601
LIDC-IDRI-0921-S734-N3,LIDC-IDRI-0921,train,1,1.731301,-1.574113,-0.282028,0.634936
LIDC-IDRI-0921-S734-N4,LIDC-IDRI-0921,train,1,0.417153,-1.452419,-0.20799,-0.166273
LIDC-IDRI-0923-S732-N0,LIDC-IDRI-0923,train,0,-0.650418,0.090047,-0.045472,-1.155683
LIDC-IDRI-0925-S730-N0,LIDC-IDRI-0925,test,1,0.578574,-0.456719,-0.187898,-0.534606
LIDC-IDRI-0929-S726-N0,LIDC-IDRI-0929,train,0,-0.919626,1.731537,-0.26099,0.681462
LIDC-IDRI-0933-S722-N4,LIDC-IDRI-0933,test,0,-0.619065,0.275856,-0.275074,0.417265
LIDC-IDRI-0933-S722-N5,LIDC-IDRI-0933,test,0,0.585905,-0.885923,-0.058468,0.035231
LIDC-IDRI-0935-S720-N0,LIDC-IDRI-0935,train,0,0.412396,0.186504,-0.235337,3.028511
LIDC-IDRI-0936-S719-N0,LIDC-IDRI-0936,val,1,0.335305,-0.598827,-0.080975,-1.099092
LIDC-IDRI-0936-S719-N1,LIDC-IDRI-0936,val,1,0.641802,-0.925142,-0.037889,-0.791657
LIDC-IDRI-0938-S717-N0,LIDC-IDRI-0938,train,1,0.401997,-0.030615,-0.110535,-0.867506
LIDC-IDRI-0939-S716-N2,LIDC-IDRI-0939,train,1,0.831418,-1.358234,-0.268034,-0.135134
LIDC-IDRI-0940-S715-N0,LIDC-IDRI-0940,val,1,0.181832,-1.346238,-0.119636,-1.042172
LIDC-IDRI-0942-S713-N0,LIDC-IDRI-0942,test,1,1.346122,-0.907892,-0.152143,-0.752507
LIDC-IDRI-0942-S713-N1,LIDC-IDRI-0942,test,1,0.52795,0.142216,-0.2456,-0.120041
LIDC-IDRI-0944-S711-N0,LIDC-IDRI-0944,train,0,-0.472233,1.063043,5.632803,1.399577
LIDC-IDRI-0946-S709-N0,LIDC-IDRI-0946,train,0,0.435453,0.151802,-0.394916,1.044148
LIDC-IDRI-0951-S704-N0,LIDC-IDRI-0951,train,0,1.18031,-0.059165,-0.375734,0.678214
LIDC-IDRI-0956-S699-N1,LIDC-IDRI-0956,train,0,-1.12575,1.140112,-0.154618,0.056031
LIDC-IDRI-0956-S699-N2,LIDC-IDRI-0956,train,0,-0.72425,1.091138,-0.266963,0.300163
LIDC-IDRI-0957-S698-N1,LIDC-IDRI-0957,val,0,-0.651852,1.72983,5.77831,2.931706
LIDC-IDRI-0961-S694-N0,LIDC-IDRI-0961,val,0,-0.550943,1.485872,-0.333715,2.501811
LIDC-IDRI-0961-S694-N2,LIDC-IDRI-0961,val,0,-0.419085,0.617805,-0.093618,1.582193
LIDC-IDRI-0962-S693-N0,LIDC-IDRI-0962,train,1,0.054695,0.255389,-0.250875,0.1369
LIDC-IDRI-0963-S692-N0,LIDC-IDRI-0963,train,0,-1.50032,-0.93593,-0.208399,-0.045536
LIDC-IDRI-0965-S690-N0,LIDC-IDRI-0965,train,1,0.918489,-1.439674,-0.302161,-0.170181
LIDC-IDRI-0966-S689-N0,LIDC-IDRI-0966,train,0,-1.103057,0.24388,-0.122916,0.081843
LIDC-IDRI-0966-S689-N1,LIDC-IDRI-0966,train,1,-0.46037,-0.188226,-0.129575,-0.42623
LIDC-IDRI-0968-S687-N1,LIDC-IDRI-0968,test,1,1.724076,-0.707949,-0.201391,-0.417093
LIDC-IDRI-0974-S681-N0,LIDC-IDRI-0974,train,0,0.358439,-0.084911,-0.147235,0.075931
LIDC-IDRI-0976-S679-N1,LIDC-IDRI-0976,val,1,1.81164,-1.362101,-0.30574,0.559177
LIDC-IDRI-0978-S677-N4,LIDC-IDRI-0978,train,1,0.06614,-1.365327,-0.175526,0.865303
LIDC-IDRI-0980-S675-N0,LIDC-IDRI-0980,val,0,0.166888,0.768006,-0.375635,3.298957
LIDC-IDRI-0980-S675-N2,LIDC-IDRI-0980,val,1,0.523487,0.090419,-0.304967,0.086175
LIDC-IDRI-0982-S673-N0,LIDC-IDRI-0982,val,0,-0.955412,-1.136989,-0.235258,1.11041
LIDC-IDRI-0985-S670-N0,LIDC-IDRI-0985,train,0,-0.756669,0.491308,-0.297977,0.929122
LIDC-IDRI-0987-S668-N0,LIDC-IDRI-0987,val,0,-1.464418,-0.94462,0.029021,-1.192493
LIDC-IDRI-0987-S668-N2,LIDC-IDRI-0987,val,0,-0.855765,-1.175943,-0.16858,-0.158724
LIDC-IDRI-0993-S662-N0,LIDC-IDRI-0993,train,0,0.447037,-0.03877,-0.299198,0.090775
LIDC-IDRI-0994-S661-N4,LIDC-IDRI-0994,val,1,1.065695,-1.527003,0.128903,-1.310295
LIDC-IDRI-0997-S658-N2,LIDC-IDRI-0997,train,0,-1.288762,-0.10397,0.306921,-2.128309
LIDC-IDRI-0997-S658-N3,LIDC-IDRI-0997,train,0,-1.195872,0.882573,-0.077829,-1.004257
LIDC-IDRI-0998-S657-N5,LIDC-IDRI-0998,test,1,0.176987,0.235051,-0.09101,-0.42493
LIDC-IDRI-0998-S657-N6,LIDC-IDRI-0998,test,1,-0.134806,0.303525,5.907789,-0.948563
LIDC-IDRI-0999-S656-N3,LIDC-IDRI-0999,train,0,-1.738781,1.808123,-0.043359,-0.757417
LIDC-IDRI-1000-S655-N0,LIDC-IDRI-1000,train,1,-0.257681,0.781855,6.211997,-0.536856
LIDC-IDRI-1000-S655-N2,LIDC-IDRI-1000,train,0,-0.889442,1.925447,-0.286382,1.332635
LIDC-IDRI-1000-S655-N3,LIDC-IDRI-1000,train,0,1.057065,-0.199604,-0.203566,0.436659
LIDC-IDRI-1002-S653-N0,LIDC-IDRI-1002,val,1,1.284768,-1.414725,-0.323895,1.53506
LIDC-IDRI-1002-S653-N1,LIDC-IDRI-1002,val,1,1.519341,-1.410763,-0.368516,2.065056
LIDC-IDRI-1002-S653-N2,LIDC-IDRI-1002,val,1,1.545323,-1.360241,-0.466907,1.597265
LIDC-IDRI-1002-S653-N3,LIDC-IDRI-1002,val,1,-0.13966,-1.345902,-0.348353,1.20687
LIDC-IDRI-1003-S652-N1,LIDC-IDRI-1003,train,0,-1.262316,0.80952,5.719028,-1.331015
LIDC-IDRI-1003-S652-N2,LIDC-IDRI-1003,train,0,-0.63298,-0.162887,0.341576,-2.109255
LIDC-IDRI-1003-S652-N4,LIDC-IDRI-1003,train,1,1.095487,-1.166316,-0.187801,0.251702
LIDC-IDRI-1003-S652-N5,LIDC-IDRI-1003,train,0,-0.581715,0.044123,0.016436,-0.900285
LIDC-IDRI-1004-S651-N0,LIDC-IDRI-1004,val,0,-1.541573,-0.983844,-0.323834,0.481798
LIDC-IDRI-1004-S651-N2,LIDC-IDRI-1004,val,1,1.272401,-1.449851,-0.125925,-0.434593
LIDC-IDRI-1005-S650-N5,LIDC-IDRI-1005,train,0,-0.647014,0.26138,-0.206096,-0.556414
LIDC-IDRI-1007-S648-N0,LIDC-IDRI-1007,train,0,-1.111115,0.803815,-0.011674,-0.478147
LIDC-IDRI-1007-S648-N1,LIDC-IDRI-1007,train,1,1.805584,-1.266868,-0.112858,-1.383003
LIDC-IDRI-1010-S645-N0,LIDC-IDRI-1010,train,0,-1.117977,1.185219,0.379805,-2.145221
LIDC-IDRI-1011-S644-N0,LIDC-IDRI-1011,train,1,1.885164,-0.049084,-0.212538,-0.299916
LIDC-IDRI-1011-S644-N1,LIDC-IDRI-1011,train,1,1.629414,-0.443715,-0.153497,-0.783803
LIDC-IDRI-1011-S644-N2,LIDC-IDRI-1011,train,1,1.182862,-0.215475,-0.118415,-1.097498
LIDC-IDRI-1012-S643-N0,LIDC-IDRI-1012,val,0,-0.576787,-0.280531,0.031516,-0.936177
