case_id,patient_group_id,split,label,theta_0,theta_1,theta_2,theta_3
LIDC-IDRI-0002_1_iso0.68__s_0,LIDC-IDRI-0002,train,1,2.531507765110045,0.3018665788963091,0.5755133702307068,0.8873224365499784
LIDC-IDRI-0003_1_iso0.82__s_0,LIDC-IDRI-0003,train,1,2.3682989705146658,1.1040534609270425,1.4586638875272027,1.8016875554723588
LIDC-IDRI-0004_1_iso0.82__s_0,LIDC-IDRI-0004,train,0,0.49003902702305224,2.424697089949008,2.6615039196674433,2.2337082039563745
LIDC-IDRI-0006_1_iso0.62__s_0,LIDC-IDRI-0006,train,0,1.5449253308548465,1.1043894827625766,1.245522449141203,0.7574527638691825
LIDC-IDRI-0007_1_iso0.78__s_0,LIDC-IDRI-0007,train,1,2.5414265310786956,1.4681128117626745,2.0917978851727614,0.7602121821190799
LIDC-IDRI-0013_1_iso0.59__s_0,LIDC-IDRI-0013,train,1,2.3227899761926585,0.6034157634008169,1.3685036661385563,0.7535561722313596
LIDC-IDRI-0014_1_iso0.66__s_0,LIDC-IDRI-0014,train,0,2.086529802106681,1.6674758392456195,1.5578290550803953,1.9194855537616131
LIDC-IDRI-0017_1_iso0.73__s_0,LIDC-IDRI-0017,train,0,0.8199403546268962,1.554711744746793,1.8399762900089085,2.1186472684658275
LIDC-IDRI-0018_1_iso0.66__s_0,LIDC-IDRI-0018,train,1,2.355487512262932,1.1761644418609642,1.5977642673920622,1.8245161941124637
LIDC-IDRI-0021_1_iso0.74__s_0,LIDC-IDRI-0021,train,0,1.2330949240987554,1.9864478507529253,2.8403531116295504,2.1170493057095445
LIDC-IDRI-0022_1_iso0.70__s_0,LIDC-IDRI-0022,train,0,2.7246315649430555,0.9320278728395374,1.0080455003159279,1.7636540905742932
LIDC-IDRI-0023_1_iso0.74__s_0,LIDC-IDRI-0023,train,1,2.5552291809303385,0.7681787570363527,1.1717776060051361,0.7070951477863965
LIDC-IDRI-0030_1_iso0.70__s_0,LIDC-IDRI-0030,train,0,0.8890862495578342,0.9324161847858202,0.8560723797325546,2.0330040047480753
LIDC-IDRI-0034_1_iso0.67__s_0,LIDC-IDRI-0034,train,0,0.5421540698053522,2.231948527174825,1.8903216360072408,2.6375354175792336
LIDC-IDRI-0036_1_iso0.74__s_0,LIDC-IDRI-0036,train,1,1.1865835494949728,1.6715305474195399,1.0565259318625835,1.4834070607757384
LIDC-IDRI-0037_1_iso0.62__s_0,LIDC-IDRI-0037,train,1,2.149781417246538,1.052220389271224,1.4590361553222946,1.684785318131559
LIDC-IDRI-0041_1_iso0.82__s_0,LIDC-IDRI-0041,train,1,2.089021837060159,1.2543730028796936,1.3237101507358708,1.4885848877262404
LIDC-IDRI-0043_1_iso0.74__s_0,LIDC-IDRI-0043,train,1,2.131460647569316,0.8048863190768852,1.229077042954228,1.6137964279291346
LIDC-IDRI-0045_1_iso0.66__s_0,LIDC-IDRI-0045,train,1,2.132103158868368,0.7227465336015904,1.4503223990844543,0.635010637508733
LIDC-IDRI-0047_1_iso0.78__s_0,LIDC-IDRI-0047,train,1,1.6691965683756966,1.5274633143626195,1.5033467664366384,1.6388084408486607
LIDC-IDRI-0048_1_iso0.95__s_0,LIDC-IDRI-0048,train,0,1.0982257263198258,2.0245108914090375,1.2115484482724936,1.535182747528614
LIDC-IDRI-0051_1_iso0.94__s_0,LIDC-IDRI-0051,train,0,1.5011830841065943,1.5082742271167935,2.109340475763773,2.0150333231008664
LIDC-IDRI-0052_1_iso0.74__s_0,LIDC-IDRI-0052,train,1,2.0453517898993443,0.5696041476127573,1.452311830776794,0.9304423865688539
LIDC-IDRI-0053_1_iso0.70__s_0,LIDC-IDRI-0053,train,1,2.550962633566801,0.8745911733025362,1.0355686712601373,1.6710181920977618
LIDC-IDRI-0054_1_iso0.78__s_0,LIDC-IDRI-0054,train,1,2.031740954131545,1.3330522226252695,1.4873579203899543,1.4911678410198643
LIDC-IDRI-0057_1_iso0.73__s_0,LIDC-IDRI-0057,train,1,2.4000485615442786,0.8834898871059954,1.3123550561660948,0.5173359562704642
LIDC-IDRI-0058_1_iso0.70__s_0,LIDC-IDRI-0058,train,1,2.514674194021504,0.9885726247344314,1.0909184384804997,1.5986244489069281
LIDC-IDRI-0061_1_iso0.82__s_0,LIDC-IDRI-0061,train,1,2.7164374580513466,0.8657612046319566,1.321706745022701,2.0840893845319117
LIDC-IDRI-0063_1_iso0.78__s_0,LIDC-IDRI-0063,train,1,1.3807285726415723,1.1211591168523718,0.7329142345376493,1.4849311740610112
LIDC-IDRI-0066_1_iso0.50__s_0,LIDC-IDRI-0066,train,1,2.343326510448287,1.2034800293934174,1.6305000418807905,0.40332695998449586
LIDC-IDRI-0067_1_iso0.78__s_0,LIDC-IDRI-0067,train,1,1.283546065142902,2.1262013374474753,2.4951996459787202,1.7808692564350623
LIDC-IDRI-0072_1_iso0.73__s_0,LIDC-IDRI-0072,train,1,2.6059591420604145,1.1789575350749155,1.769420171418136,0.8767117520555012
LIDC-IDRI-0075_1_iso0.92__s_0,LIDC-IDRI-0075,train,1,2.412228046930717,1.8628374676501798,1.4048530074419139,0.7764581382363279
LIDC-IDRI-0077_1_iso0.66__s_0,LIDC-IDRI-0077,train,1,2.5516487979223537,0.8808215786648425,0.9708359695496194,2.0118074698555004
LIDC-IDRI-0079_1_iso0.70__s_0,LIDC-IDRI-0079,train,0,1.938695736636856,0.7116083545395415,1.6456038150842962,1.8458071228807005
LIDC-IDRI-0080_1_iso0.78__s_0,LIDC-IDRI-0080,train,1,2.464107540049049,1.546804577357926,1.3567073940136336,0.9830443014420055
LIDC-IDRI-0082_1_iso0.70__s_0,LIDC-IDRI-0082,train,1,2.287205721397133,1.777644104341248,1.6867992708611954,1.2592538487510359
LIDC-IDRI-0084_1_iso0.70__s_0,LIDC-IDRI-0084,train,0,0.9093206374108488,1.3914939662630663,1.5175019926159954,2.35285952656318
LIDC-IDRI-0086_1_iso0.74__s_0,LIDC-IDRI-0086,train,0,0.7187704547000522,1.6655653235247785,1.2933876642311377,1.8943487067490385
LIDC-IDRI-0087_1_iso0.70__s_0,LIDC-IDRI-0087,train,1,2.4167489986312543,1.0596776043810905,1.2269310889430305,0.7924891546806443
LIDC-IDRI-0089_1_iso0.82__s_0,LIDC-IDRI-0089,train,1,2.520625687578999,1.3328912232594352,1.3669523707981546,1.864936784992585
LIDC-IDRI-0094_1_iso0.74__s_0,LIDC-IDRI-0094,train,1,2.3423872344315693,2.3668673249447667,2.4424833173170324,0.6082635806488684
LIDC-IDRI-0098_1_iso0.64__s_0,LIDC-IDRI-0098,train,0,1.7359643087927825,0.6053369774876565,0.8523227891977034,1.7438470869260307
LIDC-IDRI-0099_1_iso0.78__s_0,LIDC-IDRI-0099,train,1,0.9997507605952218,2.7582618707379467,2.7610158133707885,1.268720771295478
LIDC-IDRI-0111_1_iso0.70__s_0,LIDC-IDRI-0111,train,1,2.345307939394999,1.0064587849803,1.271192403216054,0.829017094395078
LIDC-IDRI-0112_1_iso0.70__s_0,LIDC-IDRI-0112,train,0,1.937994657129605,1.469394445814761,1.7158821940009714,2.6634683818155076
LIDC-IDRI-0114_1_iso0.88__s_0,LIDC-IDRI-0114,train,1,1.200836167480956,2.197793579981638,1.5059206161239245,1.0896156703258695
LIDC-IDRI-0116_1_iso0.98__s_0,LIDC-IDRI-0116,train,1,1.9676746437995638,1.6540173649504484,1.8332209946342402,1.6490760855629607
LIDC-IDRI-0117_1_iso0.65__s_0,LIDC-IDRI-0117,train,0,1.4486796752220301,1.0512442769733703,0.9175228439338915,1.3386399057207932
LIDC-IDRI-0119_1_iso0.54__s_0,LIDC-IDRI-0119,train,0,2.0496375686201196,2.1384096130206522,2.5567945782710337,2.2404253454375374
LIDC-IDRI-0121_1_iso0.92__s_0,LIDC-IDRI-0121,train,1,1.7118971343148472,2.441692447738895,1.0694558082427223,1.8711885647309825
LIDC-IDRI-0126_1_iso0.78__s_0,LIDC-IDRI-0126,train,0,0.7199225753092269,1.388205683401183,1.4241667743083057,2.3287336133637555
LIDC-IDRI-0127_1_iso0.78__s_0,LIDC-IDRI-0127,train,0,2.784029253968684,0.9868620418788273,1.0267898186771363,2.3604323485851904
LIDC-IDRI-0128_1_iso0.85__s_0,LIDC-IDRI-0128,train,0,1.306554725628173,1.5882593724591394,1.5424510484753142,1.0731293499477004
LIDC-IDRI-0129_1_iso0.74__s_0,LIDC-IDRI-0129,train,1,1.7270802367057994,1.71395579273818,1.3478344048381365,1.9546831456576217
LIDC-IDRI-0132_1_iso0.54__s_0,LIDC-IDRI-0132,train,0,2.576492139844003,0.9341569357566243,1.1427269759755958,1.4602285103458716
LIDC-IDRI-0134_1_iso0.70__s_0,LIDC-IDRI-0134,train,1,1.7216316763951267,0.8209425834160624,1.1748815463660462,1.9246534152228416
LIDC-IDRI-0137_1_iso0.78__s_0,LIDC-IDRI-0137,train,1,2.261225294194808,1.0821407840866766,0.6871049918032711,0.3912503795840539
LIDC-IDRI-0138_1_iso0.88__s_0,LIDC-IDRI-0138,train,0,2.201081272496871,1.5607383240894903,0.47168695318700915,0.5089240353281699
LIDC-IDRI-0139_1_iso0.70__s_0,LIDC-IDRI-0139,train,1,2.6904600328531525,1.2177642703019063,0.8363435311959938,1.8697038961734194
LIDC-IDRI-0141_1_iso0.62__s_0,LIDC-IDRI-0141,train,0,2.6638034952362566,1.4431042654380402,1.539348778560595,1.613088131985424
LIDC-IDRI-0142_1_iso0.78__s_0,LIDC-IDRI-0142,train,1,1.1504295543945866,2.3212920330177305,2.1362267432198947,1.5673986999108696
LIDC-IDRI-0144_1_iso0.74__s_0,LIDC-IDRI-0144,train,1,1.6390403888933578,1.071658437609242,1.5489479735747964,2.605720880181612
LIDC-IDRI-0145_1_iso0.78__s_0,LIDC-IDRI-0145,train,1,1.1342965926825492,1.0542085502412486,1.183476588065139,2.268641005598315
LIDC-IDRI-0148_1_iso0.78__s_0,LIDC-IDRI-0148,train,1,1.795002508963766,1.0966485899801577,0.9076008723210424,1.2609574095624323
LIDC-IDRI-0150_1_iso0.65__s_0,LIDC-IDRI-0150,train,0,2.282250390680735,0.7384333467343759,1.201464100555077,1.3346570476975468
LIDC-IDRI-0151_1_iso0.57__s_0,LIDC-IDRI-0151,train,0,1.5526682742665332,0.8495902271513378,1.1939390560708154,2.13803562450911
LIDC-IDRI-0153_1_iso0.90__s_0,LIDC-IDRI-0153,train,1,1.9186132598207093,1.2386451230640467,1.1270678907373355,1.4768263475085142
LIDC-IDRI-0156_1_iso0.68__s_0,LIDC-IDRI-0156,train,1,1.7337587502160436,0.8414264874376323,1.683626138166538,2.111824643876922
LIDC-IDRI-0157_1_iso0.82__s_0,LIDC-IDRI-0157,train,0,0.5022879802038515,1.1930312567322336,1.4734257971033966,3.0292288304243487
LIDC-IDRI-0160_1_iso0.78__s_0,LIDC-IDRI-0160,train,1,1.4356195664278106,1.0123982123149222,2.07315056704385,2.2479725763636598
LIDC-IDRI-0161_1_iso0.82__s_0,LIDC-IDRI-0161,train,0,0.9118013920113103,2.0186531419197666,1.2722866497388474,1.3506988957305388
LIDC-IDRI-0164_1_iso0.86__s_0,LIDC-IDRI-0164,train,1,1.5276969870003783,1.92131952993292,1.6552944503832105,1.989689126211715
LIDC-IDRI-0169_1_iso0.62__s_0,LIDC-IDRI-0169,train,1,1.4130132466462364,1.9456062523736428,1.5158581906598585,1.7271130651740927
LIDC-IDRI-0170_1_iso0.90__s_0,LIDC-IDRI-0170,train,1,2.1179226356878296,1.5172579210849961,1.1980107668163287,0.820343712490294
LIDC-IDRI-0171_1_iso0.86__s_0,LIDC-IDRI-0171,train,1,1.836546383813554,1.128292542909511,0.8601028779842624,2.6116320530806503
LIDC-IDRI-0172_1_iso0.70__s_0,LIDC-IDRI-0172,train,1,2.422274512662023,1.0408481545490589,1.6115220542543374,2.412031187054846
LIDC-IDRI-0173_1_iso0.74__s_0,LIDC-IDRI-0173,train,0,0.7902004175029563,1.0898571571101598,1.0409735197729888,2.2337082039563745
LIDC-IDRI-0176_1_iso0.70__s_0,LIDC-IDRI-0176,train,1,0.6706290383246064,2.450066881272135,0.7978538878594503,0.7124842850762404
LIDC-IDRI-0179_1_iso0.70__s_0,LIDC-IDRI-0179,train,1,2.1583709385019554,0.6746483729991863,0.47652079043238244,2.2335500176892955
LIDC-IDRI-0181_1_iso0.78__s_0,LIDC-IDRI-0181,train,0,1.9536055813340816,1.090301546925179,1.7314930370064714,1.8937355790885309
LIDC-IDRI-0182_1_iso0.70__s_0,LIDC-IDRI-0182,train,0,1.5457316967317445,1.4111483291586773,1.2363501682897875,1.9069205859410885
LIDC-IDRI-0183_1_iso0.82__s_0,LIDC-IDRI-0183,train,1,2.081904367114678,1.01623732526936,1.5069603829225313,0.41233011753533355
LIDC-IDRI-0185_1_iso0.78__s_0,LIDC-IDRI-0185,train,0,1.2839807911475494,1.5887016007985881,2.543664275692392,2.4409991028759794
LIDC-IDRI-0187_1_iso0.86__s_0,LIDC-IDRI-0187,train,1,2.2736578388695676,1.1575366672629521,1.3025825876706842,2.001762106825366
LIDC-IDRI-0191_1_iso0.90__s_0,LIDC-IDRI-0191,train,1,2.398011558806883,1.510754151496493,1.3336066741478991,0.958937833792805
LIDC-IDRI-0193_1_iso0.70__s_0,LIDC-IDRI-0193,train,0,1.1365486743541533,0.9952881100510331,1.4515865847092564,1.970520432472322
LIDC-IDRI-0195_1_iso0.66__s_0,LIDC-IDRI-0195,train,1,2.368471045014117,0.8867337443355818,1.667929703955928,2.22007979560603
LIDC-IDRI-0196_1_iso0.62__s_0,LIDC-IDRI-0196,train,1,1.5762391255780628,2.301042510724784,2.085139568874067,1.0827835486277901
LIDC-IDRI-0200_1_iso0.82__s_0,LIDC-IDRI-0200,train,0,0.5746680181288308,2.1521345017030984,1.180109809033378,2.2937153146986815
LIDC-IDRI-0201_1_iso0.66__s_0,LIDC-IDRI-0201,train,1,2.2234956761718303,0.6829942877928799,1.5461027883833747,1.0672405320263998
LIDC-IDRI-0204_1_iso0.70__s_0,LIDC-IDRI-0204,train,1,2.3100285882302654,0.9131260823882106,1.6104324182193668,0.6921985027613158
LIDC-IDRI-0206_1_iso0.75__s_0,LIDC-IDRI-0206,train,1,1.4884589912305741,2.4243731382041487,1.708493929494759,1.4936201258831756
LIDC-IDRI-0208_1_iso0.66__s_0,LIDC-IDRI-0208,train,1,1.282239877655574,0.8160850295016592,1.2143905359264144,1.9972103080079273
LIDC-IDRI-0209_1_iso0.82__s_0,LIDC-IDRI-0209,train,1,2.130673812773015,1.2702902199597972,1.512308056120355,2.0728497236154086
LIDC-IDRI-0212_1_iso0.70__s_0,LIDC-IDRI-0212,train,0,0.482900920076067,1.6287942684705394,2.394456004812947,2.1606127124908854
LIDC-IDRI-0213_1_iso0.74__s_0,LIDC-IDRI-0213,train,0,1.246713648960621,1.8258399505135574,2.622557732661504,2.2449462916575564
LIDC-IDRI-0219_1_iso0.70__s_0,LIDC-IDRI-0219,train,1,1.6105097964844604,1.8677500898213395,2.033245342435563,2.2570664913724583
LIDC-IDRI-0220_1_iso0.78__s_0,LIDC-IDRI-0220,train,0,1.932817539639863,1.218148748379126,1.120078563243559,1.4422753632630656
LIDC-IDRI-0222_1_iso0.62__s_0,LIDC-IDRI-0222,train,0,1.03556371051814,1.2603213091534355,2.154852778742775,2.2177455663550574
LIDC-IDRI-0228_1_iso0.70__s_0,LIDC-IDRI-0228,train,1,1.5460002077626236,1.1450572479793044,1.9345567174230354,2.3643395699147693
LIDC-IDRI-0229_1_iso0.76__s_0,LIDC-IDRI-0229,train,1,2.195820298512103,1.3935076972012495,1.8213867057876725,1.2990687677394737
LIDC-IDRI-0232_1_iso0.70__s_0,LIDC-IDRI-0232,train,0,0.7071176880493707,2.0264663185434135,1.1823602015396257,2.2337082039563745
LIDC-IDRI-0235_1_iso0.70__s_0,LIDC-IDRI-0235,train,0,1.4800066444475897,1.0036903941928221,1.9965935839594244,2.080272022129684
LIDC-IDRI-0237_1_iso0.82__s_0,LIDC-IDRI-0237,train,1,1.3944419570344186,1.280536430161304,1.7284754645434748,1.8739428592094485
LIDC-IDRI-0240_1_iso0.70__s_0,LIDC-IDRI-0240,train,1,2.3008412558701767,1.1287375068002152,1.6530967508047052,1.0851135705483455
LIDC-IDRI-0241_1_iso0.68__s_0,LIDC-IDRI-0241,train,0,0.6976181849677658,2.0335369917356743,1.390239169560165,2.6704555264164718
LIDC-IDRI-0242_1_iso0.78__s_0,LIDC-IDRI-0242,train,1,2.349451721211535,1.353681874880747,1.0465575022886726,1.4243684944579633
LIDC-IDRI-0243_1_iso0.82__s_0,LIDC-IDRI-0243,train,0,1.4902528684787024,1.4200614648545,1.4842654962559443,1.5732312556044799
LIDC-IDRI-0244_1_iso0.78__s_0,LIDC-IDRI-0244,train,1,1.8762017403725004,1.475821633943971,1.389301411567129,1.1721835751696346
LIDC-IDRI-0246_1_iso0.78__s_0,LIDC-IDRI-0246,train,0,1.1112824201909983,1.2472630630930504,2.0562979461129025,2.437017641975362
LIDC-IDRI-0249_1_iso0.82__s_0,LIDC-IDRI-0249,train,1,1.8074429199960755,1.742383074253026,1.6641961330021706,0.3136770199771109
LIDC-IDRI-0250_1_iso0.82__s_0,LIDC-IDRI-0250,train,1,1.5348761248667642,1.4179640555361865,1.3463849292688155,2.118097507687297
LIDC-IDRI-0252_1_iso0.86__s_0,LIDC-IDRI-0252,train,1,2.007697373213605,1.9146138961460528,1.9860415565751428,0.655427031672363
LIDC-IDRI-0254_1_iso0.59__s_0,LIDC-IDRI-0254,train,0,1.3354403172493698,1.1553170373765902,2.069729962704239,2.3452981421999604
LIDC-IDRI-0257_1_iso0.78__s_0,LIDC-IDRI-0257,train,1,1.6775442268494865,0.9738690570649506,1.181565712867636,1.5357304642185488
LIDC-IDRI-0259_1_iso0.74__s_0,LIDC-IDRI-0259,train,0,1.5226685178052217,1.2232410086308982,1.1130795984043618,1.1104551129715294
LIDC-IDRI-0260_1_iso0.66__s_0,LIDC-IDRI-0260,train,1,2.1014728188711653,1.5957750124446732,1.4613013399514339,2.180939449567591
LIDC-IDRI-0262_1_iso0.63__s_0,LIDC-IDRI-0262,train,1,1.5218257326064495,1.4644613637144013,0.7150928821079188,1.6626102774482987
LIDC-IDRI-0264_1_iso0.70__s_0,LIDC-IDRI-0264,train,0,2.070046230428719,2.2631222659341947,1.7141386313768627,2.058549333646999
LIDC-IDRI-0265_1_iso0.78__s_0,LIDC-IDRI-0265,train,1,2.3275341655267408,0.7319451561389365,1.0692464796940218,0.49113791163871096
LIDC-IDRI-0268_1_iso0.78__s_0,LIDC-IDRI-0268,train,0,0.3580188989353585,1.2848916785075635,1.4182251908111667,2.8971108333835898
LIDC-IDRI-0270_1_iso0.74__s_0,LIDC-IDRI-0270,train,0,0.7922315607996047,0.9806364556269628,0.7293635928980833,2.580836010942595
LIDC-IDRI-0272_1_iso0.78__s_0,LIDC-IDRI-0272,train,0,0.6731374723567248,1.2728330992307968,1.3059513443510165,2.88564024307177
LIDC-IDRI-0274_1_iso0.86__s_0,LIDC-IDRI-0274,train,0,1.4316392416920176,1.4921420316858154,1.8558697901817924,2.3971513130251108
LIDC-IDRI-0285_1_iso0.82__s_0,LIDC-IDRI-0285,train,1,2.1261343909947903,1.4452392283079503,0.8359819504065583,0.8767362121574477
LIDC-IDRI-0286_1_iso0.70__s_0,LIDC-IDRI-0286,train,0,1.0610561161899954,1.3541929993755646,1.8606191145342152,2.2582799026177764
LIDC-IDRI-0287_1_iso0.78__s_0,LIDC-IDRI-0287,train,0,0.5746680181288308,1.1710819850739012,1.6807219236077298,2.6612885315074624
LIDC-IDRI-0289_1_iso0.90__s_0,LIDC-IDRI-0289,train,0,2.4092410992037596,1.8987000695744807,0.9344126354845951,1.85903262719362
LIDC-IDRI-0291_1_iso0.70__s_0,LIDC-IDRI-0291,train,0,0.6952179149939364,2.469697766452937,0.4597377950598626,1.0589059851372833
LIDC-IDRI-0294_1_iso0.51__s_0,LIDC-IDRI-0294,train,1,2.5367442853726283,1.2314753493255601,1.595722719378494,1.7698419168285995
LIDC-IDRI-0296_1_iso0.77__s_0,LIDC-IDRI-0296,train,1,2.079939802936128,1.0583019413108092,1.582467418787522,2.247317980505916
LIDC-IDRI-0301_1_iso0.62__s_0,LIDC-IDRI-0301,train,0,0.9407781945350471,2.313150987726757,1.9507064141146253,1.0881875114294128
LIDC-IDRI-0303_1_iso0.76__s_0,LIDC-IDRI-0303,train,1,2.6974067765987173,0.8208417370198399,1.033718370188462,2.578033863155333
LIDC-IDRI-0304_1_iso0.70__s_0,LIDC-IDRI-0304,train,1,1.7009769159698893,0.9229761481997615,1.2805206990666362,0.7369322062186734
LIDC-IDRI-0305_1_iso0.62__s_0,LIDC-IDRI-0305,train,1,2.099140299176658,0.8968580547233296,0.7863171908868694,2.206313273738198
LIDC-IDRI-0308_1_iso0.62__s_0,LIDC-IDRI-0308,train,0,1.640157465841503,1.960275367527776,2.0107453327551448,0.909160986180124
LIDC-IDRI-0309_1_iso0.64__s_0,LIDC-IDRI-0309,train,1,1.3168964269785879,1.9025385544598192,1.5790154441864728,1.5883654210500164
LIDC-IDRI-0312_1_iso0.59__s_0,LIDC-IDRI-0312,train,1,1.4252766983721552,1.5271167458653219,1.1878505442089866,1.9478143908753667
LIDC-IDRI-0313_1_iso0.70__s_0,LIDC-IDRI-0313,train,1,2.568346280259659,1.0041189418007126,0.5734575970816452,1.027293594724669
LIDC-IDRI-0314_1_iso0.78__s_0,LIDC-IDRI-0314,train,0,2.0218590420747216,1.737987434664634,1.4932290671122226,0.7347526409408943
LIDC-IDRI-0315_1_iso0.80__s_0,LIDC-IDRI-0315,train,1,1.5526682742665332,0.7005617469399574,0.9055506324945303,1.3856713903974824
LIDC-IDRI-0318_1_iso0.52__s_0,LIDC-IDRI-0318,train,0,1.5138938564116324,2.5321388686039987,2.4510607361808896,1.4452853327731963
LIDC-IDRI-0321_1_iso0.66__s_0,LIDC-IDRI-0321,train,0,1.2960191973993522,2.833471434493535,3.0913307164053023,1.0343687728314923
LIDC-IDRI-0324_1_iso0.70__s_0,LIDC-IDRI-0324,train,0,0.7788989066031146,1.1039713863757783,1.3634563007408074,1.3096769503462526
LIDC-IDRI-0325_1_iso0.81__s_0,LIDC-IDRI-0325,train,1,2.221126622000565,1.4194651924642994,1.1731183343358256,0.39449501028076256
LIDC-IDRI-0326_1_iso0.62__s_0,LIDC-IDRI-0326,train,1,0.8537203104510176,2.0969096007126184,1.7691521480817147,1.217259236530932
LIDC-IDRI-0329_1_iso0.52__s_0,LIDC-IDRI-0329,train,0,1.061695386389236,1.0439457692270757,0.904736357686432,2.4409991028759794
LIDC-IDRI-0332_1_iso0.64__s_0,LIDC-IDRI-0332,train,1,2.704916681992618,1.899951587964803,2.229261800554162,0.706051640296536
LIDC-IDRI-0337_1_iso0.57__s_0,LIDC-IDRI-0337,train,1,2.6900303524276765,0.6678574499105517,1.0969771330439297,0.6881217494100691
LIDC-IDRI-0346_1_iso0.66__s_0,LIDC-IDRI-0346,train,0,1.780552195051931,0.4053395169841269,0.8779838301528744,0.700956821657155
LIDC-IDRI-0347_1_iso0.72__s_0,LIDC-IDRI-0347,train,1,1.9855785451166212,0.7748256296272958,1.439870447669375,0.7683362806511105
LIDC-IDRI-0351_1_iso0.57__s_0,LIDC-IDRI-0351,train,0,1.2345189189802528,0.9778042066484088,2.834224392937546,2.5105413357762485
LIDC-IDRI-0357_1_iso0.70__s_0,LIDC-IDRI-0357,train,0,0.6038706514842098,0.8360244824336935,1.059045695478625,0.8130818980211673
LIDC-IDRI-0362_1_iso0.70__s_0,LIDC-IDRI-0362,train,1,1.8038094975072823,1.0830920436426956,1.012622370868494,2.266266928581658
LIDC-IDRI-0363_1_iso0.70__s_0,LIDC-IDRI-0363,train,0,1.1586012797243492,2.5841841641694634,3.034683824553562,2.0140282407142753
LIDC-IDRI-0368_1_iso0.71__s_0,LIDC-IDRI-0368,train,0,2.38617743692263,0.9533431723324095,1.2671319378827604,1.213843193333642
LIDC-IDRI-0371_1_iso0.62__s_0,LIDC-IDRI-0371,train,0,0.7891821483350356,2.5027618220232917,1.7196062983621274,1.5087646933374104
LIDC-IDRI-0373_1_iso0.62__s_0,LIDC-IDRI-0373,train,0,0.8627651195979569,2.4321493110243444,2.0342284248005633,1.3348978056085434
LIDC-IDRI-0375_1_iso0.62__s_0,LIDC-IDRI-0375,train,1,1.4359499436904977,1.6976418897628271,1.4452561370260708,0.8298515858604475
LIDC-IDRI-0376_1_iso0.62__s_0,LIDC-IDRI-0376,train,0,1.0082116002044188,2.1175882758893536,2.013307998420875,1.3600017735050658
LIDC-IDRI-0388_1_iso0.63__s_0,LIDC-IDRI-0388,train,0,1.704905358953419,0.6970236179690642,0.7449239556915312,0.4240466885223115
LIDC-IDRI-0390_1_iso0.63__s_0,LIDC-IDRI-0390,train,0,1.959534940566904,1.0047079160134298,1.7799142656290843,1.5792088564643867
LIDC-IDRI-0394_1_iso0.53__s_0,LIDC-IDRI-0394,train,1,1.5634215313255135,1.4915605568216597,1.189178658586539,2.0270351477449378
LIDC-IDRI-0395_1_iso0.66__s_0,LIDC-IDRI-0395,train,1,2.2042924528870995,0.6141043940119544,0.8923954798633089,0.7234096717168255
LIDC-IDRI-0402_1_iso0.74__s_0,LIDC-IDRI-0402,train,1,2.4824443869797723,0.4993106143673525,1.302487934304241,1.156053764855668
LIDC-IDRI-0405_1_iso0.65__s_0,LIDC-IDRI-0405,train,0,0.8491445984370174,2.88465241682002,1.5100010361700555,1.530144177579951
LIDC-IDRI-0407_1_iso0.66__s_0,LIDC-IDRI-0407,train,1,1.8747143512116482,1.2132100366604097,1.2835202035507032,1.4517713729049193
LIDC-IDRI-0413_1_iso0.74__s_0,LIDC-IDRI-0413,train,0,0.5806385851732881,1.201523676500376,0.6056491699141896,2.7526045315698644
LIDC-IDRI-0419_1_iso0.66__s_0,LIDC-IDRI-0419,train,0,0.943129441406661,2.1399048708893775,2.9993115107052644,2.3790604712747903
LIDC-IDRI-0420_1_iso0.66__s_0,LIDC-IDRI-0420,train,1,1.2387697262397943,1.6012928985070898,1.793906603134184,1.3485334288922257
LIDC-IDRI-0423_1_iso0.76__s_0,LIDC-IDRI-0423,train,1,2.271057821860337,1.8654571902760635,0.4943962298995777,1.8199374796342138
LIDC-IDRI-0426_1_iso0.70__s_0,LIDC-IDRI-0426,train,0,1.5038080229204738,1.577840137771618,2.467785315709158,1.8592743507644673
LIDC-IDRI-0427_1_iso0.62__s_0,LIDC-IDRI-0427,train,0,1.1876133758793042,3.0463672482850366,2.8288973131250637,1.9079223666805885
LIDC-IDRI-0431_1_iso0.64__s_0,LIDC-IDRI-0431,train,0,1.2581982858682046,0.5839274958231643,0.4804169191451747,0.8766844682429601
LIDC-IDRI-0432_1_iso0.62__s_0,LIDC-IDRI-0432,train,0,1.550011314604666,1.9011730926337804,1.9899249372105023,1.2401152588748818
LIDC-IDRI-0433_1_iso0.83__s_0,LIDC-IDRI-0433,train,0,0.6553345110214057,2.800012488658838,2.8472534511597476,1.6023648956104402
LIDC-IDRI-0435_1_iso0.53__s_0,LIDC-IDRI-0435,train,0,1.2093203078968515,0.5340438830078678,1.1663708294094757,1.3264480453429524
LIDC-IDRI-0436_1_iso0.69__s_0,LIDC-IDRI-0436,train,1,2.8022033273434,1.3034276680201495,1.271501936873807,1.7944890397125004
LIDC-IDRI-0437_1_iso0.62__s_0,LIDC-IDRI-0437,train,0,1.1927350735908877,2.5725378050420806,2.784790054006085,1.5024966602673688
LIDC-IDRI-0439_1_iso0.69__s_0,LIDC-IDRI-0439,train,0,2.371822989301146,0.5586566726281518,0.9994205072303688,0.6487138136318028
LIDC-IDRI-0440_1_iso0.62__s_0,LIDC-IDRI-0440,train,0,1.8170959562758122,2.470658118480694,2.4724227916169763,1.9482001811931944
LIDC-IDRI-0442_1_iso0.59__s_0,LIDC-IDRI-0442,train,0,1.0481218044322516,0.7435290443129831,0.8852053072686576,2.2427763333629027
LIDC-IDRI-0443_1_iso0.62__s_0,LIDC-IDRI-0443,train,0,0.8804438794465254,2.9645179022295376,2.9557493166328728,0.9758614066321212
LIDC-IDRI-0444_1_iso0.62__s_0,LIDC-IDRI-0444,train,0,0.7164591236622186,1.744342087010121,1.7476049769769089,1.686432629888693
LIDC-IDRI-0447_1_iso0.55__s_0,LIDC-IDRI-0447,train,1,2.3137769205698024,1.2459215491430518,1.3710899360340059,2.2551076664682643
LIDC-IDRI-0453_1_iso0.64__s_0,LIDC-IDRI-0453,train,1,1.4235898801154074,0.9445717090513965,1.2695955738940106,2.1704386721593547
LIDC-IDRI-0454_1_iso0.72__s_0,LIDC-IDRI-0454,train,1,2.4031977521483263,1.5109188886189893,1.3796502694289665,0.6901064380006305
LIDC-IDRI-0456_1_iso0.68__s_0,LIDC-IDRI-0456,train,0,1.1693204732133566,2.818060964991549,2.8607029555011634,1.6016578739025416
LIDC-IDRI-0461_1_iso0.57__s_0,LIDC-IDRI-0461,train,0,0.7942555555624953,2.173840914133457,3.0770705381712102,2.528531780305649
LIDC-IDRI-0462_1_iso0.62__s_0,LIDC-IDRI-0462,train,1,1.9657093819698068,2.4642877183748815,2.3536135559429554,0.6955423344943156
LIDC-IDRI-0463_1_iso0.66__s_0,LIDC-IDRI-0463,train,0,1.0730843301734339,2.901408374502017,2.4714683077615334,1.540572635670321
LIDC-IDRI-0468_1_iso0.77__s_0,LIDC-IDRI-0468,train,0,0.7641851760706698,1.8018001515168434,1.5352918621465772,1.224482425740576
LIDC-IDRI-0470_1_iso0.70__s_0,LIDC-IDRI-0470,train,1,2.515242872826191,1.5050971314030201,1.492857016405779,0.7943845219184535
LIDC-IDRI-0471_1_iso0.66__s_0,LIDC-IDRI-0471,train,0,1.456048499044375,0.7625941497176888,1.305865474234535,0.9939098315852715
LIDC-IDRI-0475_1_iso0.64__s_0,LIDC-IDRI-0475,train,0,1.038894669064795,0.7128780773850149,0.723261122731257,2.830648118221996
LIDC-IDRI-0477_1_iso0.64__s_0,LIDC-IDRI-0477,train,0,0.9026533784867998,2.704247872359097,2.890699265203086,1.8284691588162276
LIDC-IDRI-0481_1_iso0.61__s_0,LIDC-IDRI-0481,train,1,1.5929277389124619,1.477594835774029,1.3821522092850214,0.9553278169576112
LIDC-IDRI-0483_1_iso0.70__s_0,LIDC-IDRI-0483,train,1,0.5731647486480823,1.856489313892117,2.2795422735298096,1.852491085402957
LIDC-IDRI-0485_1_iso0.74__s_0,LIDC-IDRI-0485,train,0,1.6613469365887958,1.4381127076175024,0.7378356154844682,1.7530576795108541
LIDC-IDRI-0488_1_iso0.59__s_0,LIDC-IDRI-0488,train,0,0.6693705469825685,1.9822584579147375,1.5237154936459654,1.9342627267946857
LIDC-IDRI-0489_1_iso0.70__s_0,LIDC-IDRI-0489,train,1,2.3824028319561923,0.8205718183809972,1.3792813137372613,1.359391930347098
LIDC-IDRI-0490_1_iso0.45__s_0,LIDC-IDRI-0490,train,1,2.4401373629985477,1.532081337711958,1.2342622165151373,1.276206920771959
LIDC-IDRI-0492_1_iso0.64__s_0,LIDC-IDRI-0492,train,0,0.6261370046014312,2.3003341206186576,0.856778323322164,1.3600017735050658
LIDC-IDRI-0494_1_iso0.59__s_0,LIDC-IDRI-0494,train,0,1.155890162789846,1.0391617643852047,1.2711741766118547,1.8059453048865228
LIDC-IDRI-0507_1_iso0.70__s_0,LIDC-IDRI-0507,train,1,1.9418362442258603,1.734745608369269,1.4141573886200565,2.1374093327147934
LIDC-IDRI-0508_1_iso0.83__s_0,LIDC-IDRI-0508,train,1,2.0780475151430773,1.9130433736483188,1.4254244781482115,0.615279214870878
LIDC-IDRI-0510_1_iso0.78__s_0,LIDC-IDRI-0510,train,1,1.3036246044834563,1.9698142133312806,0.994001507359689,1.7324404435704126
LIDC-IDRI-0515_1_iso0.76__s_0,LIDC-IDRI-0515,train,1,2.093086129034464,1.53951307427448,1.218862994989597,1.3051344620698595
LIDC-IDRI-0516_1_iso0.57__s_0,LIDC-IDRI-0516,train,0,0.4297432337101344,0.9960299053182293,0.6895432221540156,3.051768101900037
LIDC-IDRI-0520_1_iso0.62__s_0,LIDC-IDRI-0520,train,0,0.5292097739460916,2.0125727015892108,1.6525720119989855,1.1575151616147594
LIDC-IDRI-0521_1_iso0.70__s_0,LIDC-IDRI-0521,train,1,2.143823310585803,2.1051818922745986,2.0350300154271603,1.658461595569679
LIDC-IDRI-0522_1_iso0.58__s_0,LIDC-IDRI-0522,train,0,0.7736873126572457,2.0468110927173395,1.612969056224915,2.193171843674616
LIDC-IDRI-0525_1_iso0.54__s_0,LIDC-IDRI-0525,train,1,1.6525006088046366,2.4912834452694192,2.262756092504197,0.6922927661290107
LIDC-IDRI-0527_1_iso0.73__s_0,LIDC-IDRI-0527,train,0,1.654889557648206,1.4061217370786663,1.132494600454447,2.7086893875981954
LIDC-IDRI-0529_1_iso0.62__s_0,LIDC-IDRI-0529,train,1,2.197424870894935,2.759952596545986,1.6462843886313132,0.689115009860334
LIDC-IDRI-0530_1_iso0.59__s_0,LIDC-IDRI-0530,train,0,1.6135778887827936,1.7617562560048599,2.8805744051631366,0.8084524570677193
LIDC-IDRI-0532_1_iso0.68__s_0,LIDC-IDRI-0532,train,0,0.7256481477262069,2.8228809400246244,3.0621951159057197,2.288960132086687
LIDC-IDRI-0534_1_iso0.67__s_0,LIDC-IDRI-0534,train,0,2.5234794914965737,0.6324569204456529,0.7652502774484967,0.49613853544715064
LIDC-IDRI-0537_1_iso0.62__s_0,LIDC-IDRI-0537,train,0,0.879572560084061,2.49026293833389,2.2051617437185618,1.4770237768448145
LIDC-IDRI-0538_1_iso0.57__s_0,LIDC-IDRI-0538,train,0,0.49180751675080886,1.6370414586638655,1.0499307474676718,2.326587691653876
LIDC-IDRI-0539_1_iso0.60__s_0,LIDC-IDRI-0539,train,1,1.0461567654622579,1.304245121757061,0.877801780793444,2.8545950306018177
LIDC-IDRI-0543_1_iso0.65__s_0,LIDC-IDRI-0543,train,1,2.0548416351272887,1.4977714648400824,0.9871820249495882,1.2066588775994689
LIDC-IDRI-0546_1_iso0.63__s_0,LIDC-IDRI-0546,train,1,2.489172060553837,1.5080240447548996,1.573713022780708,2.3841487220038573
LIDC-IDRI-0553_1_iso0.62__s_0,LIDC-IDRI-0553,train,1,1.0793169269629799,0.8859336172056608,0.660426967510953,1.0507303500189265
LIDC-IDRI-0557_1_iso0.62__s_0,LIDC-IDRI-0557,train,1,1.1223277758964738,2.1058367530826705,1.2128932939979535,1.6897264827051992
LIDC-IDRI-0562_1_iso0.61__s_0,LIDC-IDRI-0562,train,1,1.9181233630413557,1.3135649938940042,1.565852071130675,0.5582762356074881
LIDC-IDRI-0565_1_iso0.68__s_0,LIDC-IDRI-0565,train,1,2.1825838735781313,2.3069469083578387,2.220735537630302,1.6994919476706745
LIDC-IDRI-0572_1_iso0.62__s_0,LIDC-IDRI-0572,train,0,0.7992846155167088,2.2955979522961805,1.195859840984772,1.283239301203862
LIDC-IDRI-0575_1_iso0.62__s_0,LIDC-IDRI-0575,train,1,2.348900130916305,2.6869371395717767,0.8078628341006547,0.8815352811573448
LIDC-IDRI-0576_1_iso0.56__s_0,LIDC-IDRI-0576,train,0,2.6751684362540287,1.0648212233058307,0.6287452357304196,0.4599819983637965
LIDC-IDRI-0578_1_iso0.78__s_0,LIDC-IDRI-0578,train,0,0.6342561493722825,0.9107145648706317,0.6458552803247093,2.9096424739046918
LIDC-IDRI-0581_1_iso0.63__s_0,LIDC-IDRI-0581,train,0,0.5865424611626403,1.1099776799490635,1.469076437103156,1.6071400436234247
LIDC-IDRI-0582_1_iso0.66__s_0,LIDC-IDRI-0582,train,0,0.8734365974946502,2.4054285810259475,2.1731040372794888,1.7895494168557755
LIDC-IDRI-0583_1_iso0.64__s_0,LIDC-IDRI-0583,train,0,1.9802255111839457,1.4600764341701964,1.583065778032992,2.0354781781101146
LIDC-IDRI-0586_1_iso0.58__s_0,LIDC-IDRI-0586,train,0,0.7871401809586538,0.7220766598743318,0.8517604318349891,2.4849277865083574
LIDC-IDRI-0587_1_iso0.62__s_0,LIDC-IDRI-0587,train,1,2.1376947424372674,1.647823263610209,1.4820716995556005,0.7316501569086484
LIDC-IDRI-0588_1_iso0.72__s_0,LIDC-IDRI-0588,train,0,0.8546311466225051,1.706469088490351,1.9998930825280485,2.6084190449860505
LIDC-IDRI-0590_1_iso0.62__s_0,LIDC-IDRI-0590,train,1,0.9280763099756458,2.064340507959824,1.184620048529164,0.9890315433586163
LIDC-IDRI-0595_1_iso0.59__s_0,LIDC-IDRI-0595,train,1,2.668602076926878,0.7850210729952763,1.1666778249344614,1.9550182583412414
LIDC-IDRI-0597_1_iso0.85__s_0,LIDC-IDRI-0597,train,1,1.4745013489306222,0.9674835632206192,1.2668551880822654,2.421625990240201
LIDC-IDRI-0598_1_iso0.68__s_0,LIDC-IDRI-0598,train,0,0.8942109175744295,1.280983433560287,1.751852413485481,2.3860126579912433
LIDC-IDRI-0599_1_iso0.56__s_0,LIDC-IDRI-0599,train,0,0.4756573820542286,2.530972707041441,2.4188498750292022,1.3600017735050658
LIDC-IDRI-0604_1_iso0.59__s_0,LIDC-IDRI-0604,train,0,0.9312776967394054,2.0875623449919662,0.7312536976366832,0.7365497180788848
LIDC-IDRI-0605_1_iso0.70__s_0,LIDC-IDRI-0605,train,0,1.2048443160359794,1.770967099527353,1.453583099906899,2.0077412104701824
LIDC-IDRI-0606_1_iso0.50__s_0,LIDC-IDRI-0606,train,1,2.408108765180885,2.4410712413854982,1.740826527493812,0.606141794172657
LIDC-IDRI-0607_1_iso0.62__s_0,LIDC-IDRI-0607,train,0,0.8266646967569594,0.7692606756226975,0.47587344113442076,1.761937373114034
LIDC-IDRI-0608_1_iso0.68__s_0,LIDC-IDRI-0608,train,1,1.8658211803651914,1.4883445024688564,1.2396762448050513,0.3753538078772653
LIDC-IDRI-0609_1_iso0.62__s_0,LIDC-IDRI-0609,train,0,0.47015319156421126,2.4619473297276753,0.9393918394197075,1.1629156837439663
LIDC-IDRI-0610_1_iso0.70__s_0,LIDC-IDRI-0610,train,1,1.4818291890987088,0.9497528111989599,1.1217064306652087,1.0901785196787495
LIDC-IDRI-0614_1_iso0.62__s_0,LIDC-IDRI-0614,train,0,1.812761777711032,2.950231424412528,1.9349204002670901,0.40969231791666805
LIDC-IDRI-0615_1_iso0.70__s_0,LIDC-IDRI-0615,train,0,0.7652488009835505,1.978690808299646,2.0226812684918243,2.340719329762233
LIDC-IDRI-0617_1_iso0.66__s_0,LIDC-IDRI-0617,train,1,1.7860240333944601,1.6869899631439589,0.7896012156629454,0.9048996897011264
LIDC-IDRI-0619_1_iso0.72__s_0,LIDC-IDRI-0619,train,1,2.4531579177476694,0.9159223349061718,1.686439792262644,0.9886756280787495
LIDC-IDRI-0620_1_iso0.60__s_0,LIDC-IDRI-0620,train,1,1.38978893835504,1.7684656877202218,1.4565836306741369,0.40296578209713424
LIDC-IDRI-0621_1_iso0.50__s_0,LIDC-IDRI-0621,train,0,1.1988215642402578,2.2253881612488153,2.5179966208947664,1.5192611646173322
LIDC-IDRI-0629_1_iso0.63__s_0,LIDC-IDRI-0629,train,0,1.4563666051930093,1.8540839690794908,1.1801086798275113,1.20152423355475
LIDC-IDRI-0630_1_iso0.58__s_0,LIDC-IDRI-0630,train,0,0.6681091867646104,0.5328857199279865,0.7106368315557937,1.737503558577525
LIDC-IDRI-0635_1_iso0.75__s_0,LIDC-IDRI-0635,train,0,1.8529203431165633,0.9040763801944712,1.1339933861950875,1.377360524400328
LIDC-IDRI-0640_1_iso0.59__s_0,LIDC-IDRI-0640,train,0,1.5209815921923957,1.4521224005456164,2.4563470097519944,2.335928399942257
LIDC-IDRI-0643_1_iso0.61__s_0,LIDC-IDRI-0643,train,0,0.9399923443039604,1.3575824216273753,1.0205181763718651,1.338270313953491
LIDC-IDRI-0644_1_iso0.77__s_0,LIDC-IDRI-0644,train,0,0.5074466863099443,2.4266095285885387,1.9362781100783328,1.5610107760762253
LIDC-IDRI-0645_1_iso0.59__s_0,LIDC-IDRI-0645,train,1,1.3460446697018325,1.2337521387278874,1.434638206760419,2.2599451574749834
LIDC-IDRI-0647_1_iso0.62__s_0,LIDC-IDRI-0647,train,1,0.4070929557211828,2.4710770639838473,1.3607728788355833,2.1101433810549706
LIDC-IDRI-0648_1_iso0.50__s_0,LIDC-IDRI-0648,train,0,1.9191025957912804,2.3721797194840946,3.0377501749214297,1.977113333216997
LIDC-IDRI-0657_1_iso0.62__s_0,LIDC-IDRI-0657,train,1,0.7290558358106229,2.021902988535609,1.5005105457003018,1.1712118704296455
LIDC-IDRI-0658_1_iso0.67__s_0,LIDC-IDRI-0658,train,0,0.8890862495578342,2.59512229232657,2.5340342507777396,1.5610107760762253
LIDC-IDRI-0659_1_iso0.66__s_0,LIDC-IDRI-0659,train,0,2.3017465839916027,0.45635342208853624,0.6638831375874474,1.8194553464304255
LIDC-IDRI-0663_1_iso0.62__s_0,LIDC-IDRI-0663,train,1,0.9853723072390598,2.2296156903984374,0.9990080127246063,1.9055646519381502
LIDC-IDRI-0669_1_iso0.62__s_0,LIDC-IDRI-0669,train,0,0.47747836081472067,2.104627779211807,1.0807881270280149,1.3394564840320826
LIDC-IDRI-0672_1_iso0.63__s_0,LIDC-IDRI-0672,train,0,0.8131368990678941,2.6693098756891707,1.3038663652569293,2.070568519051205
LIDC-IDRI-0674_1_iso0.59__s_0,LIDC-IDRI-0674,train,0,0.8209057732476454,2.7262107670457816,3.0377712769373186,2.6384734282434215
LIDC-IDRI-0678_1_iso0.53__s_0,LIDC-IDRI-0678,train,1,1.8546244550571458,1.2291479821538218,1.3492158441337352,1.8110682149405857
LIDC-IDRI-0681_1_iso0.62__s_0,LIDC-IDRI-0681,train,0,2.33395190296043,0.7711974127232596,0.7382177315860545,1.5541876747980057
LIDC-IDRI-0682_1_iso0.72__s_0,LIDC-IDRI-0682,train,1,1.5457316967317445,1.4571661670421268,0.9972209415838398,1.69207859256105
LIDC-IDRI-0687_1_iso0.70__s_0,LIDC-IDRI-0687,train,0,0.7059390142120869,0.6559007905823012,0.8969719620139531,2.451507981714366
LIDC-IDRI-0696_1_iso0.62__s_0,LIDC-IDRI-0696,train,0,0.5005565040020742,2.62377567664317,1.624957577654611,2.0491943952018903
LIDC-IDRI-0697_1_iso0.88__s_0,LIDC-IDRI-0697,train,1,2.553893290615556,1.1217694567101975,1.7820397096161,1.51545400004101
LIDC-IDRI-0698_1_iso0.62__s_0,LIDC-IDRI-0698,train,1,2.336496234793374,0.9993483683488965,1.7006905193701418,0.4894231049753827
LIDC-IDRI-0700_1_iso0.63__s_0,LIDC-IDRI-0700,train,0,0.9868261197807763,2.129077452423758,1.8823017778326503,1.596633955174638
LIDC-IDRI-0701_1_iso0.57__s_0,LIDC-IDRI-0701,train,1,2.288376274098963,1.0357521024845475,1.483461681475707,0.22652642076896606
LIDC-IDRI-0703_1_iso0.68__s_0,LIDC-IDRI-0703,train,1,2.492360240938711,0.722732723244531,1.6777269262059078,0.5298677279899604
LIDC-IDRI-0705_1_iso0.61__s_0,LIDC-IDRI-0705,train,0,1.8873965802006862,1.756656318450017,1.7013592562448547,2.1263464953284448
LIDC-IDRI-0708_1_iso0.74__s_0,LIDC-IDRI-0708,train,1,2.440772375018127,1.0413665953681321,1.3841402551365647,1.482443990772799
LIDC-IDRI-0709_1_iso0.54__s_0,LIDC-IDRI-0709,train,1,2.6835142119723976,0.9372369895505143,1.2964473255564277,1.5843805003680553
LIDC-IDRI-0715_1_iso0.62__s_0,LIDC-IDRI-0715,train,1,2.4300659791842287,1.065526778288126,1.1062775882464788,0.27074905495157825
LIDC-IDRI-0717_1_iso0.54__s_0,LIDC-IDRI-0717,train,0,1.298989073673034,3.0773224514552338,2.298766793500685,1.3713231299419475
LIDC-IDRI-0719_1_iso0.57__s_0,LIDC-IDRI-0719,train,1,2.158238306670481,0.6065116112519158,0.7794111421996762,0.9060741452947475
LIDC-IDRI-0722_1_iso0.62__s_0,LIDC-IDRI-0722,train,0,1.4099037690823712,3.002911636225602,2.4699252432190315,0.8984553727287546
LIDC-IDRI-0724_1_iso0.59__s_0,LIDC-IDRI-0724,train,0,1.361392240795879,0.8799969877377277,1.3396321303856402,2.243882979792777
LIDC-IDRI-0726_1_iso0.67__s_0,LIDC-IDRI-0726,train,0,0.9508994922473245,3.015042092186986,2.711421654836843,2.144517429892225
LIDC-IDRI-0727_1_iso0.62__s_0,LIDC-IDRI-0727,train,0,0.5057330217055278,2.458660467228982,1.643295284004726,2.0670926185368783
LIDC-IDRI-0730_1_iso0.56__s_0,LIDC-IDRI-0730,train,1,0.7673701301803609,1.0367031924955636,0.8206943155990122,2.5672870835859305
LIDC-IDRI-0732_1_iso0.66__s_0,LIDC-IDRI-0732,train,1,1.894056005113545,1.8762451556798085,1.8641154907900792,1.9496782475029042
LIDC-IDRI-0734_1_iso0.59__s_0,LIDC-IDRI-0734,train,0,1.6302404833343989,1.7066687336648032,1.2867071622956574,1.5904182957760313
LIDC-IDRI-0740_1_iso0.57__s_0,LIDC-IDRI-0740,train,1,1.5141792069349402,1.359028014406463,1.70302935281492,1.4210902238278251
LIDC-IDRI-0741_1_iso0.73__s_0,LIDC-IDRI-0741,train,1,1.748451438160835,1.3504593070034285,0.9627724369712379,2.165243543829538
LIDC-IDRI-0743_1_iso0.62__s_0,LIDC-IDRI-0743,train,1,1.357975855568703,1.5631082172169048,1.3762347804698052,1.2083910817720729
LIDC-IDRI-0748_1_iso0.70__s_0,LIDC-IDRI-0748,train,0,0.7850909290355181,1.035124622486703,1.0148663031232854,1.8684892189714468
LIDC-IDRI-0749_1_iso0.63__s_0,LIDC-IDRI-0749,train,1,2.2687712764064947,1.717559963812392,1.6495775674722055,1.5464515020571898
LIDC-IDRI-0751_1_iso0.65__s_0,LIDC-IDRI-0751,train,1,2.6458687650705777,0.6432242237474628,1.3428169857168346,1.4810259004477506
LIDC-IDRI-0752_1_iso0.70__s_0,LIDC-IDRI-0752,train,1,1.4039815657341501,1.1360338013527942,0.8823996035178684,1.2508726401218326
LIDC-IDRI-0754_1_iso0.70__s_0,LIDC-IDRI-0754,train,0,0.571657171260102,1.4097110228586307,1.0241958527388166,2.6665200548234695
LIDC-IDRI-0756_1_iso0.62__s_0,LIDC-IDRI-0756,train,1,1.8935373657844876,1.9850763953513018,1.3760658071311804,0.30671862736924577
LIDC-IDRI-0761_1_iso0.61__s_0,LIDC-IDRI-0761,train,0,1.3115425222325925,1.7276597453540754,2.243028304958709,2.0316111770157197
LIDC-IDRI-0763_1_iso0.61__s_0,LIDC-IDRI-0763,train,0,0.6718846753150998,2.7162627097885386,2.3545236169168122,2.280958750959906
LIDC-IDRI-0768_1_iso0.74__s_0,LIDC-IDRI-0768,train,1,1.3632811694891904,1.4669115420388588,2.3949828730192637,1.1756634495801308
LIDC-IDRI-0770_1_iso0.62__s_0,LIDC-IDRI-0770,train,1,2.213691535961562,2.4171208809912783,1.868523708673103,0.5623120355086884
LIDC-IDRI-0772_1_iso0.78__s_0,LIDC-IDRI-0772,train,1,2.7140879091226235,1.0022635347110525,0.6912840997367105,1.5201091691799697
LIDC-IDRI-0773_1_iso0.72__s_0,LIDC-IDRI-0773,train,1,2.481477784611807,1.0254172418431837,0.9348559566328255,0.4206469722526011
LIDC-IDRI-0775_1_iso0.59__s_0,LIDC-IDRI-0775,train,1,2.703791115555102,1.7474271956026344,1.5773774630829172,1.7641857045014215
LIDC-IDRI-0777_1_iso0.66__s_0,LIDC-IDRI-0777,train,0,0.8209057732476454,0.6017720616747715,0.5879463389276754,1.338270313953491
LIDC-IDRI-0782_1_iso0.64__s_0,LIDC-IDRI-0782,train,0,0.6630347623037139,1.6903938111360446,1.5152600214102667,1.1676496427532745
LIDC-IDRI-0783_1_iso0.70__s_0,LIDC-IDRI-0783,train,1,0.6315632205497175,1.909054237828301,1.8881342606110223,2.13049146093487
LIDC-IDRI-0785_1_iso0.70__s_0,LIDC-IDRI-0785,train,1,2.592043728275258,1.192009450766637,1.0590098065077744,1.3375131348165905
LIDC-IDRI-0786_1_iso0.62__s_0,LIDC-IDRI-0786,train,0,0.5108565462593367,1.024118925611459,0.8819049687417653,2.8109412201387634
LIDC-IDRI-0788_1_iso0.57__s_0,LIDC-IDRI-0788,train,1,1.8788932458854055,0.6612091885295077,1.0364595178946647,1.70645959674652
LIDC-IDRI-0791_1_iso0.67__s_0,LIDC-IDRI-0791,train,0,2.209024531000703,2.3166816567926105,3.0367962410038727,2.1968327486104533
LIDC-IDRI-0792_1_iso0.65__s_0,LIDC-IDRI-0792,train,0,0.5746680181288308,2.5709712162174614,1.0141455020407,0.7522700752010498
LIDC-IDRI-0795_1_iso0.70__s_0,LIDC-IDRI-0795,train,0,1.0693126132520219,1.8544982390733584,1.5768334147891832,1.9061321218939753
LIDC-IDRI-0796_1_iso0.70__s_0,LIDC-IDRI-0796,train,1,2.301272695131109,0.5352027971380383,1.198969590797452,0.6806800641284012
LIDC-IDRI-0797_1_iso0.70__s_0,LIDC-IDRI-0797,train,0,0.6010214003704544,1.9310496829350743,1.7939862951371084,2.2377863237747184
LIDC-IDRI-0799_1_iso0.59__s_0,LIDC-IDRI-0799,train,1,1.0982257263198258,1.550655366957303,1.777223497851437,1.6127825271051828
LIDC-IDRI-0800_1_iso0.64__s_0,LIDC-IDRI-0800,train,0,1.817865596587016,1.4574098423741824,2.2512029403147578,0.7649144902628087
LIDC-IDRI-0801_1_iso0.52__s_0,LIDC-IDRI-0801,train,0,1.375588885387191,3.0549836606514256,3.0848598993535705,1.5320061657869133
LIDC-IDRI-0802_1_iso0.70__s_0,LIDC-IDRI-0802,train,0,0.4091991899210369,1.3246765270846408,0.5633315762415732,2.4474347045369793
LIDC-IDRI-0806_1_iso0.62__s_0,LIDC-IDRI-0806,train,0,0.8032764817388924,2.2741543270608533,1.237451835318527,0.8994186966428928
LIDC-IDRI-0807_1_iso0.65__s_0,LIDC-IDRI-0807,train,0,1.7163116256315973,2.89581491922286,2.682693743962495,1.284200281491202
LIDC-IDRI-0811_1_iso0.67__s_0,LIDC-IDRI-0811,train,1,2.502715779582329,1.0533981218700472,1.1598936348568278,0.863285450109588
LIDC-IDRI-0812_1_iso0.63__s_0,LIDC-IDRI-0812,train,0,0.735810244891788,1.4095167647656912,2.2561155436522244,2.731654491865411
LIDC-IDRI-0813_1_iso0.62__s_0,LIDC-IDRI-0813,train,0,0.9240498059376355,1.4356175350887086,1.39618498505909,1.5972070827007887
LIDC-IDRI-0814_1_iso0.52__s_0,LIDC-IDRI-0814,train,0,0.7952648889100042,1.93840412534317,0.9306802082230875,1.4089833937855099
LIDC-IDRI-0817_1_iso0.68__s_0,LIDC-IDRI-0817,train,0,1.0836405124835262,1.8072496242672171,2.351412389638045,1.9697061042818929
LIDC-IDRI-0818_1_iso0.70__s_0,LIDC-IDRI-0818,train,0,0.5074466863099443,1.6217553442030015,1.3010049602531206,2.6715202981970956
LIDC-IDRI-0820_1_iso0.70__s_0,LIDC-IDRI-0820,train,1,0.7369281899400636,1.2162252782187102,1.2788957599947428,1.2729389413279812
LIDC-IDRI-0822_1_iso0.68__s_0,LIDC-IDRI-0822,train,0,1.0699429252912207,2.413896222226746,2.7991194271153224,2.111199544802838
LIDC-IDRI-0823_1_iso0.55__s_0,LIDC-IDRI-0823,train,0,1.0636090153628934,0.9610546416415165,1.256705463810835,1.907624056154491
LIDC-IDRI-0828_1_iso0.62__s_0,LIDC-IDRI-0828,train,1,0.7588371301218721,1.6070452162149218,1.5400055504178018,2.7595095037375725
LIDC-IDRI-0829_1_iso0.73__s_0,LIDC-IDRI-0829,train,1,2.523649614016563,0.5943245686535756,1.4941546860684418,0.292086488290205
LIDC-IDRI-0830_1_iso0.63__s_0,LIDC-IDRI-0830,train,0,0.5578902267699152,1.9035632183524132,1.7891038970457702,2.453827845755798
LIDC-IDRI-0835_1_iso0.54__s_0,LIDC-IDRI-0835,train,0,1.4633177073948265,2.5205961194072475,2.7481385046007523,1.5062606381024828
LIDC-IDRI-0837_1_iso0.55__s_0,LIDC-IDRI-0837,train,0,2.162327034130195,1.2626685379241354,0.752994381506166,1.1098562006065433
LIDC-IDRI-0838_1_iso0.59__s_0,LIDC-IDRI-0838,train,1,2.136075686484716,1.6217061639465131,1.2156619828926696,1.8514455886886958
LIDC-IDRI-0840_1_iso0.70__s_0,LIDC-IDRI-0840,train,0,0.5421540698053522,0.8924735784071709,0.722706475347825,2.6375354175792336
LIDC-IDRI-0844_1_iso0.62__s_0,LIDC-IDRI-0844,train,1,1.7993470135877538,2.0195895051262136,1.755425170126985,1.343024982128954
LIDC-IDRI-0849_1_iso0.62__s_0,LIDC-IDRI-0849,train,0,1.6551061653723431,2.857989379669039,1.8279864642362889,0.986059455894396
LIDC-IDRI-0850_1_iso0.63__s_0,LIDC-IDRI-0850,train,1,2.340613272523007,0.4045469723482526,2.200641392129756,1.3514248332052974
LIDC-IDRI-0852_1_iso0.55__s_0,LIDC-IDRI-0852,train,0,1.3107142924136945,1.031862294782778,1.2631575346774973,1.215647824394111
LIDC-IDRI-0856_1_iso0.62__s_0,LIDC-IDRI-0856,train,0,0.4396825866191635,1.4395746566230612,0.7526372095159108,2.197563962455558
LIDC-IDRI-0857_1_iso0.62__s_0,LIDC-IDRI-0857,train,0,0.7620519660320905,2.536793347659788,1.697762789205367,1.2518852254081563
LIDC-IDRI-0861_1_iso0.65__s_0,LIDC-IDRI-0861,train,1,2.403106535978058,0.8356779208121343,0.8324491211463158,0.5181406442837835
LIDC-IDRI-0864_1_iso0.70__s_0,LIDC-IDRI-0864,train,0,0.7922315607996047,2.430411494563256,2.6374385917934022,1.920288706774201
LIDC-IDRI-0865_1_iso0.70__s_0,LIDC-IDRI-0865,train,1,2.5888748891032365,0.8272323514779818,1.908278821596547,1.1643153839535696
LIDC-IDRI-0867_1_iso0.62__s_0,LIDC-IDRI-0867,train,1,1.4225752707782784,2.441475585295463,1.6477866276495383,0.36931659943114215
LIDC-IDRI-0869_1_iso0.67__s_0,LIDC-IDRI-0869,train,1,2.537759577763101,1.7557093689274228,1.2417553907646683,2.0673578813702016
LIDC-IDRI-0871_1_iso0.59__s_0,LIDC-IDRI-0871,train,0,1.073710590022569,1.3475122956156524,1.6990256441482738,1.287838129931159
LIDC-IDRI-0875_1_iso0.67__s_0,LIDC-IDRI-0875,train,1,2.022620680152682,2.115476987618971,2.0990657791167395,1.2420258145061278
LIDC-IDRI-0879_1_iso0.78__s_0,LIDC-IDRI-0879,train,0,1.5772508676984505,2.910428249665841,2.87957090244437,1.6559948309073402
LIDC-IDRI-0883_1_iso0.66__s_0,LIDC-IDRI-0883,train,0,1.3330561516013875,1.7091209549338076,2.465112972321479,1.2870809268518668
LIDC-IDRI-0884_1_iso0.66__s_0,LIDC-IDRI-0884,train,1,2.3720609163943847,1.3859571240687498,1.5849020989430045,0.8803660773732757
LIDC-IDRI-0890_1_iso0.73__s_0,LIDC-IDRI-0890,train,1,2.2890496102735485,1.2957171743429088,1.3461418719454519,0.6971343756235858
LIDC-IDRI-0892_1_iso0.64__s_0,LIDC-IDRI-0892,train,1,2.4081386237077003,1.3045363109413937,2.189712775759185,2.1400465821532975
LIDC-IDRI-0893_1_iso0.66__s_0,LIDC-IDRI-0893,train,1,2.3440009430325164,2.468766175652037,1.4351264791782727,1.6889203910427437
LIDC-IDRI-0894_1_iso0.70__s_0,LIDC-IDRI-0894,train,0,0.9824538259312123,2.64710600916434,1.3290773971571987,2.4080548028681696
LIDC-IDRI-0895_1_iso0.62__s_0,LIDC-IDRI-0895,train,1,0.9947583020799211,2.3506073113662023,1.7009084276160544,1.5450428445653257
LIDC-IDRI-0896_1_iso0.57__s_0,LIDC-IDRI-0896,train,1,1.8585755200911984,1.162148912941104,1.4718719361401054,1.750184906567654
LIDC-IDRI-0899_1_iso0.56__s_0,LIDC-IDRI-0899,train,0,0.8237923989846736,0.5853175537324373,0.8370036074339441,1.4354967994714214
LIDC-IDRI-0902_1_iso0.62__s_0,LIDC-IDRI-0902,train,0,1.5130368759148194,1.5725709513709278,1.6825754056678133,1.425193282200273
LIDC-IDRI-0905_1_iso0.55__s_0,LIDC-IDRI-0905,train,1,2.012798966386473,1.1824952102260629,1.2859728889361721,1.3481676378259027
LIDC-IDRI-0906_1_iso0.64__s_0,LIDC-IDRI-0906,train,0,2.2559951462408843,0.5381140159972483,0.8279386149965718,0.525724430877305
LIDC-IDRI-0908_1_iso0.62__s_0,LIDC-IDRI-0908,train,0,0.6342561493722825,2.211521624566636,1.1333410754941802,2.222674570790135
LIDC-IDRI-0909_1_iso0.62__s_0,LIDC-IDRI-0909,train,0,0.8839162011387335,2.3476994921276293,1.8366531893583287,0.7432589824692187
LIDC-IDRI-0910_1_iso0.67__s_0,LIDC-IDRI-0910,train,0,2.661661850667564,0.46797736299549886,0.7402774691448093,1.5460260868482505
LIDC-IDRI-0911_1_iso0.59__s_0,LIDC-IDRI-0911,train,0,2.2641486080635684,1.085632064003516,1.5748561559809062,2.5475357423005502
LIDC-IDRI-0914_1_iso0.59__s_0,LIDC-IDRI-0914,train,0,0.5952769426646266,2.7344810310043077,2.3688880612081245,2.372351325874486
LIDC-IDRI-0919_1_iso0.57__s_0,LIDC-IDRI-0919,train,1,2.090860185675167,1.5556074777834366,1.8231497843202658,0.5611007152399992
LIDC-IDRI-0920_1_iso0.59__s_0,LIDC-IDRI-0920,train,1,2.477390142675585,0.828956413953387,1.0278717294505448,1.3623479256572166
LIDC-IDRI-0921_1_iso0.68__s_0,LIDC-IDRI-0921,train,1,2.4762196581747946,1.0672475774394263,0.9312147379185888,0.4594317758521747
LIDC-IDRI-0925_1_iso0.59__s_0,LIDC-IDRI-0925,train,1,1.9945510978383225,1.7188956435112097,1.922359800981352,1.4560985392713972
LIDC-IDRI-0929_1_iso0.70__s_0,LIDC-IDRI-0929,train,0,0.7245076695655872,2.319285626660339,2.9658607867573883,2.671915279512632
LIDC-IDRI-0932_1_iso0.76__s_0,LIDC-IDRI-0932,train,0,0.5746680181288308,1.451450694635437,1.4090623546352905,1.5801746734309396
LIDC-IDRI-0933_1_iso0.66__s_0,LIDC-IDRI-0933,train,0,1.741615140338422,1.880743308319309,2.925038198116892,0.6421829003045861
LIDC-IDRI-0935_1_iso0.67__s_0,LIDC-IDRI-0935,train,0,1.6710871866132309,1.968804394452544,2.270061435976387,1.8679811534323143
LIDC-IDRI-0936_1_iso0.59__s_0,LIDC-IDRI-0936,train,1,2.088540790003803,0.7962892371690478,0.8249815652416302,1.0043443235321348
LIDC-IDRI-0938_1_iso0.76__s_0,LIDC-IDRI-0938,train,1,1.4496465630809432,2.053481929167125,0.5713181878800474,1.6164050330607231
LIDC-IDRI-0939_1_iso0.62__s_0,LIDC-IDRI-0939,train,1,2.1012402211576298,1.7305991677800956,1.5041613654352606,1.601406929220943
LIDC-IDRI-0942_1_iso0.74__s_0,LIDC-IDRI-0942,train,1,2.4102206418462075,1.8397254449151341,1.1413259048729518,0.4875106668043275
LIDC-IDRI-0944_1_iso0.62__s_0,LIDC-IDRI-0944,train,0,1.2127776668450279,1.2766730430831719,2.6294944181711175,2.321892922355706
LIDC-IDRI-0946_1_iso0.66__s_0,LIDC-IDRI-0946,train,0,1.7233292481104978,0.9004722587092777,1.1951858337731456,1.9105180394968664
LIDC-IDRI-0950_1_iso0.70__s_0,LIDC-IDRI-0950,train,0,0.4494157739438276,1.193478663988191,0.8275371247641425,2.47897537111605
LIDC-IDRI-0955_1_iso0.59__s_0,LIDC-IDRI-0955,train,0,0.47199486158543064,2.3574623516467237,1.4439476544756362,1.8568603589969106
LIDC-IDRI-0956_1_iso0.65__s_0,LIDC-IDRI-0956,train,0,0.9126259777527695,2.436539444237999,2.990946818201903,1.945899557385774
LIDC-IDRI-0959_1_iso0.66__s_0,LIDC-IDRI-0959,train,0,0.6178944522534933,1.8270076375371178,2.153752064324806,2.5918603604493935
LIDC-IDRI-0962_1_iso0.65__s_0,LIDC-IDRI-0962,train,0,1.5678153952442162,0.3366504454635171,0.8379854983508633,0.3266173495090589
LIDC-IDRI-0963_1_iso0.61__s_0,LIDC-IDRI-0963,train,0,0.5981568939981962,2.3551651581950956,1.9966544424923693,1.7832817467092423
LIDC-IDRI-0966_1_iso0.68__s_0,LIDC-IDRI-0966,train,0,0.973610218205589,1.1540771241863794,0.8912019530602676,1.7146378194362637
LIDC-IDRI-0968_1_iso0.68__s_0,LIDC-IDRI-0968,train,1,2.4720207491205644,1.8013727232124128,1.1274703823293988,1.0883190999988024
LIDC-IDRI-0969_1_iso0.62__s_0,LIDC-IDRI-0969,train,0,0.5981568939981962,1.7508508309677422,1.9579428569413202,1.1373574530812793
LIDC-IDRI-0973_1_iso0.70__s_0,LIDC-IDRI-0973,train,1,1.5263050216614718,1.210874552502592,1.301504459504585,1.8015730908248788
LIDC-IDRI-0974_1_iso0.59__s_0,LIDC-IDRI-0974,train,0,1.8413903113660937,0.7877222191903777,1.4559815754011216,1.23291542664397
LIDC-IDRI-0976_1_iso0.66__s_0,LIDC-IDRI-0976,train,1,2.561566529002312,1.5178524423742092,1.0039359645117514,1.5143179831873528
LIDC-IDRI-0980_1_iso0.74__s_0,LIDC-IDRI-0980,train,1,1.5961036215008322,0.6451283359048233,0.9250736772130331,1.7832817467092423
LIDC-IDRI-0981_1_iso0.62__s_0,LIDC-IDRI-0981,train,1,0.7912168860716029,1.869137984673188,1.1804563342448686,1.5221246779996827
LIDC-IDRI-0982_1_iso0.59__s_0,LIDC-IDRI-0982,train,1,1.650974360094228,1.614166811137121,1.0879754315838215,0.26410597636650357
LIDC-IDRI-0987_1_iso0.62__s_0,LIDC-IDRI-0987,train,0,0.8699011147552617,2.4106199346192243,1.8312978300747986,1.4194178088676583
LIDC-IDRI-0993_1_iso0.58__s_0,LIDC-IDRI-0993,train,0,1.8606777968596686,0.9807914410675264,1.4136756174940193,1.6359334697659802
LIDC-IDRI-0994_1_iso0.62__s_0,LIDC-IDRI-0994,train,1,2.1921673461211086,1.8788757379860521,1.7407930497176625,0.5718756512601233
LIDC-IDRI-0996_1_iso0.67__s_0,LIDC-IDRI-0996,train,0,0.45895322531666644,1.41809562520121,1.976134991001921,1.982376643327235
LIDC-IDRI-0997_1_iso0.61__s_0,LIDC-IDRI-0997,train,1,1.1876133758793042,1.6823784880893784,1.1329463102467736,0.5709723103981589
LIDC-IDRI-1000_1_iso0.74__s_0,LIDC-IDRI-1000,train,0,1.9651618155800377,0.8525919510276809,2.0433348693468067,2.0844174595189364
LIDC-IDRI-1002_1_iso0.56__s_0,LIDC-IDRI-1002,train,1,2.5982804909931,1.85658277104487,1.9918885039753207,1.190101893571932
LIDC-IDRI-1004_1_iso0.61__s_0,LIDC-IDRI-1004,train,1,2.4053778966815433,1.6179179876497245,1.8321494184388836,0.9734544950369222
LIDC-IDRI-1007_1_iso0.64__s_0,LIDC-IDRI-1007,train,1,2.561006624143167,1.3483573993466687,1.5169662969900468,0.7094871355110188
LIDC-IDRI-1008_1_iso0.72__s_0,LIDC-IDRI-1008,train,0,0.7512646015610429,1.8091578197520868,1.7531268367820643,2.0197875036323514
LIDC-IDRI-1009_1_iso0.70__s_0,LIDC-IDRI-1009,train,0,2.667806391850538,1.1617879184103155,0.39665473107395827,1.0478459703574474
LIDC-IDRI-1010_1_iso0.78__s_0,LIDC-IDRI-1010,train,0,0.47929256911940155,2.4302366463362026,1.9206438119361455,2.8379815887951825
LIDC-IDRI-1011_1_iso0.86__s_0,LIDC-IDRI-1011,train,1,2.337760288340621,0.8155950176500161,1.6710547584758293,2.172211255973488
LIDC-IDRI-0009_1_iso0.78__s_0,LIDC-IDRI-0009,val,0,0.5308458226522407,1.7102936816943595,1.785420790987165,1.7832817467092423
LIDC-IDRI-0015_1_iso0.69__s_0,LIDC-IDRI-0015,val,1,2.3525942675627287,0.7346386056972095,1.1812579498885776,1.2337632863894208
LIDC-IDRI-0029_1_iso0.88__s_0,LIDC-IDRI-0029,val,1,2.3053841255368166,2.01507727515135,0.7695298666014828,1.157943393271408
LIDC-IDRI-0050_1_iso0.78__s_0,LIDC-IDRI-0050,val,1,2.527658482061065,1.8003877752121207,1.470144624556375,1.5162032153626266
LIDC-IDRI-0060_1_iso0.70__s_0,LIDC-IDRI-0060,val,1,2.231469963035223,0.6705531868606801,1.2444360618858525,0.7473259608108253
LIDC-IDRI-0068_1_iso0.68__s_0,LIDC-IDRI-0068,val,1,1.7099651067127604,1.676952388831805,1.1720275879581252,1.8812419385202148
LIDC-IDRI-0069_1_iso0.74__s_0,LIDC-IDRI-0069,val,0,2.0358095696713594,0.8951514168983382,1.26722115745428,0.9182239240838794
LIDC-IDRI-0081_1_iso0.86__s_0,LIDC-IDRI-0081,val,1,2.117254727000735,1.3802697089909084,1.5240700867525707,1.4089833937855099
LIDC-IDRI-0085_1_iso0.80__s_0,LIDC-IDRI-0085,val,0,0.4216356710863756,2.190865342413867,0.9822498166078794,2.607520859666382
LIDC-IDRI-0095_1_iso0.60__s_0,LIDC-IDRI-0095,val,1,2.5052621588582964,1.5935020219956328,1.7311685489322657,0.9943345352798368
LIDC-IDRI-0106_1_iso0.70__s_0,LIDC-IDRI-0106,val,1,1.1978116099094718,1.6864625524531034,1.0091798468201596,1.1265664428875508
LIDC-IDRI-0115_1_iso0.57__s_0,LIDC-IDRI-0115,val,1,2.448505391732251,0.7232599972609419,1.084845829218531,1.9068668013187018
LIDC-IDRI-0123_1_iso0.86__s_0,LIDC-IDRI-0123,val,0,0.5967188609627787,2.431951434022025,1.6209359264362089,2.0211398174284576
LIDC-IDRI-0125_1_iso0.90__s_0,LIDC-IDRI-0125,val,0,0.38324488803813533,2.923513154191924,2.124551878825235,1.117353092516195
LIDC-IDRI-0130_1_iso0.72__s_0,LIDC-IDRI-0130,val,0,1.829106361609218,2.5526102509428577,2.572457507875076,0.6633549734086766
LIDC-IDRI-0136_1_iso0.84__s_0,LIDC-IDRI-0136,val,0,1.5318508158368822,1.1030868808897192,1.0783598579236668,0.39090070105773106
LIDC-IDRI-0149_1_iso0.78__s_0,LIDC-IDRI-0149,val,0,0.7094676390103022,1.164069124088973,1.0654431934079294,1.2129328478826307
LIDC-IDRI-0154_1_iso0.70__s_0,LIDC-IDRI-0154,val,1,2.474904938081777,0.9200166144346219,1.1638775587286292,2.140563222720365
LIDC-IDRI-0166_1_iso0.70__s_0,LIDC-IDRI-0166,val,0,2.7590112834095817,0.6586073266912595,0.5431122236466367,2.0570352040769047
LIDC-IDRI-0184_1_iso0.62__s_0,LIDC-IDRI-0184,val,0,1.158060071084691,1.4061445920455586,2.302638939213439,2.420120266980274
LIDC-IDRI-0190_1_iso0.70__s_0,LIDC-IDRI-0190,val,1,2.5284927152598526,0.8887200808241963,1.2413414374834786,1.6868958904051705
LIDC-IDRI-0203_1_iso0.78__s_0,LIDC-IDRI-0203,val,1,2.410279895033416,0.7913970732694381,1.6879200403730568,0.6064244917577596
LIDC-IDRI-0217_1_iso0.78__s_0,LIDC-IDRI-0217,val,1,2.028849017231026,1.1520215502407822,1.4272329482603234,2.2202166292706216
LIDC-IDRI-0223_1_iso0.78__s_0,LIDC-IDRI-0223,val,1,2.078212436184983,0.8354111558961086,0.9374516825006175,1.3495861558183417
LIDC-IDRI-0248_1_iso0.98__s_0,LIDC-IDRI-0248,val,0,0.4935697037424271,2.136192143119171,3.0122545251469552,2.699039822363818
LIDC-IDRI-0255_1_iso0.70__s_0,LIDC-IDRI-0255,val,0,0.9344616796623775,1.0037816184658592,1.000301221995888,2.3267612360941405
LIDC-IDRI-0263_1_iso0.74__s_0,LIDC-IDRI-0263,val,0,0.6617588354769599,1.777363305944038,2.6551004544793337,2.8381442104235166
LIDC-IDRI-0266_1_iso0.66__s_0,LIDC-IDRI-0266,val,1,2.645942696396327,1.4831249872988996,0.7331990188657149,0.7169255362605222
LIDC-IDRI-0267_1_iso0.82__s_0,LIDC-IDRI-0267,val,1,2.6741661014155045,0.6546737025140397,0.9917804857660856,0.9353288070498788
LIDC-IDRI-0271_1_iso0.70__s_0,LIDC-IDRI-0271,val,0,0.8839162011387335,1.255328413427449,1.473383830738342,2.9239417039407862
LIDC-IDRI-0273_1_iso0.70__s_0,LIDC-IDRI-0273,val,0,0.8012840055742556,1.126784495449847,1.223409666320842,2.048835806543302
LIDC-IDRI-0276_1_iso0.70__s_0,LIDC-IDRI-0276,val,1,1.3818237254714243,1.453731115379492,1.7516437188758283,2.4087916051909932
LIDC-IDRI-0277_1_iso0.72__s_0,LIDC-IDRI-0277,val,1,1.6869715980088513,1.2196712600195438,1.8681744056972436,2.24316700779452
LIDC-IDRI-0280_1_iso0.70__s_0,LIDC-IDRI-0280,val,0,0.4970753870336143,1.688987448673734,0.9110975323090449,1.557462055831236
LIDC-IDRI-0290_1_iso0.70__s_0,LIDC-IDRI-0290,val,0,0.6261370046014312,0.6509295064528829,0.45408899077360076,1.3235321825638606
LIDC-IDRI-0311_1_iso0.78__s_0,LIDC-IDRI-0311,val,1,2.402192705630642,0.7453016419297447,0.35276330302673,0.39881490338841774
LIDC-IDRI-0359_1_iso0.61__s_0,LIDC-IDRI-0359,val,0,1.716502644883824,1.7618485127252916,2.8133632525691987,1.7235684468685428
LIDC-IDRI-0385_1_iso0.62__s_0,LIDC-IDRI-0385,val,1,2.2407199777772657,1.747882919566356,1.1478245343608784,0.2785678036880876
LIDC-IDRI-0399_1_iso0.66__s_0,LIDC-IDRI-0399,val,0,0.7413780610586233,1.6694635277911083,1.5929248242675786,1.6139108983658341
LIDC-IDRI-0403_1_iso0.50__s_0,LIDC-IDRI-0403,val,0,1.3962211266393871,2.601817038088297,2.8249122974897567,1.8138544624938373
LIDC-IDRI-0414_1_iso0.67__s_0,LIDC-IDRI-0414,val,0,1.8381668330277319,1.0911508588154424,0.7239196164943011,1.0916251994757058
LIDC-IDRI-0415_1_iso0.61__s_0,LIDC-IDRI-0415,val,1,2.2162255820518717,0.25485270705806234,0.6616041779518339,0.2416820495099465
LIDC-IDRI-0464_1_iso0.59__s_0,LIDC-IDRI-0464,val,1,2.466486129437917,0.6285119375741473,0.878804897243856,1.296355979231234
LIDC-IDRI-0466_1_iso0.62__s_0,LIDC-IDRI-0466,val,1,2.4704484424308455,1.521159714404217,1.3289927861185633,0.9100749302091253
LIDC-IDRI-0495_1_iso0.70__s_0,LIDC-IDRI-0495,val,0,0.4988189901012552,2.1409924743871116,2.7248115916218163,1.4812572536887223
LIDC-IDRI-0524_1_iso0.53__s_0,LIDC-IDRI-0524,val,0,0.7435899808559733,2.116958604998395,1.8818478088638817,1.7052827042796754
LIDC-IDRI-0526_1_iso0.81__s_0,LIDC-IDRI-0526,val,1,2.418105068918517,0.9422258322414379,0.8824673320492764,1.9726940948661513
LIDC-IDRI-0541_1_iso0.77__s_0,LIDC-IDRI-0541,val,0,0.8218695830997828,1.5790962275872624,2.1257286254285965,2.4444367058810252
LIDC-IDRI-0552_1_iso0.56__s_0,LIDC-IDRI-0552,val,1,1.4349582065563298,0.8704483478054739,1.190069030268777,2.5893379202759768
LIDC-IDRI-0566_1_iso0.66__s_0,LIDC-IDRI-0566,val,0,0.9407781945350471,1.1834564375284902,1.53414623281395,1.863405673464923
LIDC-IDRI-0567_1_iso0.66__s_0,LIDC-IDRI-0567,val,0,0.3104780903516391,2.0488654345701534,1.6961860813552487,2.314849573674973
LIDC-IDRI-0568_1_iso0.70__s_0,LIDC-IDRI-0568,val,0,0.8734365974946502,2.51271120789896,2.710833794617976,1.9269603373315567
LIDC-IDRI-0602_1_iso0.65__s_0,LIDC-IDRI-0602,val,0,0.6024479211311731,2.508534310303791,2.5564714877602106,2.0719015737172453
LIDC-IDRI-0625_1_iso0.66__s_0,LIDC-IDRI-0625,val,1,1.2972939189654102,2.906372811187244,2.556260466660596,2.15033209854477
LIDC-IDRI-0628_1_iso0.78__s_0,LIDC-IDRI-0628,val,1,0.7413780610586233,2.3606547359322803,1.771694849190891,2.3534152966989015
LIDC-IDRI-0638_1_iso0.61__s_0,LIDC-IDRI-0638,val,1,0.763119567076408,1.2727395352371504,0.9664494020917087,1.813108326572307
LIDC-IDRI-0655_1_iso0.65__s_0,LIDC-IDRI-0655,val,1,1.984116049891249,1.6633137053388527,1.7152680834758596,0.3832853554888153
LIDC-IDRI-0662_1_iso0.70__s_0,LIDC-IDRI-0662,val,0,0.6342561493722825,2.1126584542446714,2.17434765477419,1.418821184170081
LIDC-IDRI-0670_1_iso0.61__s_0,LIDC-IDRI-0670,val,1,1.3636581832666044,0.9039488726572145,0.5554847915528343,0.5549731161653595
LIDC-IDRI-0671_1_iso0.68__s_0,LIDC-IDRI-0671,val,1,2.129166938396723,1.8669210755294805,2.2700723281414055,1.4832737086740486
LIDC-IDRI-0693_1_iso0.74__s_0,LIDC-IDRI-0693,val,0,0.540553775515301,1.114392065802006,1.296509674399002,2.1152500591404966
LIDC-IDRI-0713_1_iso0.67__s_0,LIDC-IDRI-0713,val,1,2.597391304589167,0.7092123648169054,0.7743361417616137,1.4054477517930604
LIDC-IDRI-0725_1_iso0.70__s_0,LIDC-IDRI-0725,val,1,0.6756346036042228,1.923317889506003,1.2399539420526686,2.5636796136415967
LIDC-IDRI-0729_1_iso0.74__s_0,LIDC-IDRI-0729,val,0,0.47015319156421126,2.7927994801951836,2.453605245240858,1.9674637385947722
LIDC-IDRI-0742_1_iso0.64__s_0,LIDC-IDRI-0742,val,0,1.0520322032614464,2.1432923057817215,1.213720915798606,1.054240658027113
LIDC-IDRI-0753_1_iso0.66__s_0,LIDC-IDRI-0753,val,1,1.9944490822602576,0.7481976330245215,1.1596999768949594,0.6097162053959615
LIDC-IDRI-0765_1_iso0.59__s_0,LIDC-IDRI-0765,val,0,2.3907617754265824,0.43998872860905786,1.5183652460621573,1.0964556378101127
LIDC-IDRI-0766_1_iso0.83__s_0,LIDC-IDRI-0766,val,0,1.3545382915585347,3.0059962948999934,2.8807007623333787,1.2407867970081268
LIDC-IDRI-0787_1_iso0.66__s_0,LIDC-IDRI-0787,val,0,0.5563379204233394,0.9712027516488534,0.9977808387627631,2.7324591422745357
LIDC-IDRI-0790_1_iso0.79__s_0,LIDC-IDRI-0790,val,1,2.4728615207304143,0.9168838894475005,1.5781902655008984,0.443110380272564
LIDC-IDRI-0793_1_iso0.72__s_0,LIDC-IDRI-0793,val,1,1.4585880929105233,2.5792589101316206,1.7956868410683364,2.1559118289503414
LIDC-IDRI-0798_1_iso0.71__s_0,LIDC-IDRI-0798,val,1,2.2798124754985825,0.756138109177061,1.2824297361466839,1.9040480919108163
LIDC-IDRI-0819_1_iso0.62__s_0,LIDC-IDRI-0819,val,1,2.4252615590161835,1.683407894992869,1.276585164685588,1.3549443096330795
LIDC-IDRI-0825_1_iso0.55__s_0,LIDC-IDRI-0825,val,0,1.2063401927453143,2.1318420014709956,2.033504615770278,1.0901352187376636
LIDC-IDRI-0831_1_iso0.62__s_0,LIDC-IDRI-0831,val,0,0.5671083002630379,2.5150660545944064,1.2677359891405509,2.356759835254275
LIDC-IDRI-0834_1_iso0.80__s_0,LIDC-IDRI-0834,val,1,2.807294753127649,1.462388479821336,0.7875369661797375,2.0000687270108766
LIDC-IDRI-0841_1_iso0.70__s_0,LIDC-IDRI-0841,val,0,0.6409308136746884,0.9213085085416532,0.9959138533572588,2.6949004753747143
LIDC-IDRI-0843_1_iso0.70__s_0,LIDC-IDRI-0843,val,0,1.165591312960725,2.975744318611355,2.4890239830594205,1.4527943429440673
LIDC-IDRI-0846_1_iso0.73__s_0,LIDC-IDRI-0846,val,0,0.5761670083504608,1.1240626849331694,0.61597088894265,2.2087155743637306
LIDC-IDRI-0851_1_iso0.82__s_0,LIDC-IDRI-0851,val,0,0.5952769426646266,2.700143666033101,1.8211941569849457,1.1505870435306615
LIDC-IDRI-0866_1_iso0.70__s_0,LIDC-IDRI-0866,val,0,0.8769507644438771,2.4603385028593006,2.0722814728425774,1.4612813071690536
LIDC-IDRI-0886_1_iso0.75__s_0,LIDC-IDRI-0886,val,1,1.768043014812631,0.8232628604722954,1.0620194807065035,1.7271130651740927
LIDC-IDRI-0888_1_iso0.67__s_0,LIDC-IDRI-0888,val,1,1.479397742376897,1.7783428824187724,1.1341744186793212,1.7770355838291914
LIDC-IDRI-0898_1_iso0.68__s_0,LIDC-IDRI-0898,val,0,0.8716715372963889,2.235503501947082,2.046923201166045,1.2453703857826712
LIDC-IDRI-0940_1_iso0.62__s_0,LIDC-IDRI-0940,val,1,1.6454848948852978,1.5011185499833546,1.034913098829946,1.3384209237276654
LIDC-IDRI-0951_1_iso0.61__s_0,LIDC-IDRI-0951,val,0,2.3342227886522817,2.556955791811971,2.7249337732918377,2.107310892461828
LIDC-IDRI-0978_1_iso0.72__s_0,LIDC-IDRI-0978,val,1,2.3670915493895484,1.8435022838588164,0.45916718919367394,0.5136584771419435
LIDC-IDRI-0985_1_iso0.65__s_0,LIDC-IDRI-0985,val,0,0.9076609360536649,2.886450412245742,2.0336236429800176,1.6021328315088201
LIDC-IDRI-0986_1_iso0.64__s_0,LIDC-IDRI-0986,val,1,1.562902137866556,1.5141384453498863,1.714261234653146,1.9112352084266975
LIDC-IDRI-1012_1_iso0.72__s_0,LIDC-IDRI-1012,val,0,0.8491445984370174,1.363045745052813,0.9782088787089536,1.4391488233825127
LIDC-IDRI-0001_1_iso0.70__s_0,LIDC-IDRI-0001,test,,2.5843679792241003,0.9438278965759548,1.3518025579802353,1.555423554076942
LIDC-IDRI-0011_1_iso0.74__s_0,LIDC-IDRI-0011,test,,1.5832797706108501,1.003285355637826,1.6300822821007626,1.0839436585445001
LIDC-IDRI-0012_1_iso0.74__s_0,LIDC-IDRI-0012,test,,1.6245171713142763,1.473885325335561,1.6382552441530809,2.155112470832493
LIDC-IDRI-0016_1_iso0.59__s_0,LIDC-IDRI-0016,test,,2.2664682714644524,0.4764797884504818,1.0224780117951797,1.1463944955163319
LIDC-IDRI-0020_1_iso0.83__s_0,LIDC-IDRI-0020,test,,2.2199635310041956,2.1104302981743106,0.7966849241487611,0.9185017828569828
LIDC-IDRI-0025_1_iso0.94__s_0,LIDC-IDRI-0025,test,,0.4988189901012552,1.9067167341288995,1.312397717249175,1.4313817406874312
LIDC-IDRI-0031_1_iso0.86__s_0,LIDC-IDRI-0031,test,,1.8474806277614506,0.8744783084598514,1.1918656140005122,1.1356367007796833
LIDC-IDRI-0044_1_iso0.70__s_0,LIDC-IDRI-0044,test,,2.6502231026395626,1.209739604821947,1.4268061574978899,1.702591025463501
LIDC-IDRI-0055_1_iso0.70__s_0,LIDC-IDRI-0055,test,,1.4941189401656239,1.127199979864137,1.4550316969994237,0.394948387437211
LIDC-IDRI-0059_1_iso0.70__s_0,LIDC-IDRI-0059,test,,1.5724272480553985,1.0761512018920634,1.1495088947879362,1.333660830587843
LIDC-IDRI-0073_1_iso0.70__s_0,LIDC-IDRI-0073,test,,2.0981250042103388,0.9765733100768714,0.8918293572619677,1.1800262669612034
LIDC-IDRI-0074_1_iso0.70__s_0,LIDC-IDRI-0074,test,,2.1897507766883075,0.8515552735222568,0.749635362602072,0.9964153724873624
LIDC-IDRI-0078_1_iso0.65__s_0,LIDC-IDRI-0078,test,,2.5429602567532963,0.891979151122284,0.9175313766239713,0.9240523225841627
LIDC-IDRI-0093_1_iso0.66__s_0,LIDC-IDRI-0093,test,,1.3027846156328153,0.9837143272546657,1.2645982260241955,2.83151463152111
LIDC-IDRI-0101_1_iso0.63__s_0,LIDC-IDRI-0101,test,,0.8436057476883467,1.3418453447589649,1.0315319978885122,1.9893090292829412
LIDC-IDRI-0102_1_iso0.98__s_0,LIDC-IDRI-0102,test,,0.43174813055279565,1.5263055593596155,1.0760682540707356,2.461443530640978
LIDC-IDRI-0104_1_iso0.64__s_0,LIDC-IDRI-0104,test,,2.184189362706805,1.5826632906252434,2.036875631977052,2.037332152171458
LIDC-IDRI-0108_1_iso0.70__s_0,LIDC-IDRI-0108,test,,2.11284600218935,1.939857224245956,1.810626330900785,0.9061920307873403
LIDC-IDRI-0118_1_iso0.88__s_0,LIDC-IDRI-0118,test,,0.5176077079246307,2.478516420477524,2.766828237814354,2.0844174595189364
LIDC-IDRI-0124_1_iso0.78__s_0,LIDC-IDRI-0124,test,,1.200836167480956,1.4160152478356896,1.2217886973628582,2.542967557860026
LIDC-IDRI-0163_1_iso0.70__s_0,LIDC-IDRI-0163,test,,2.4661511168004835,0.9181085288435334,1.6722075711375692,1.5902967738614204
LIDC-IDRI-0188_1_iso0.70__s_0,LIDC-IDRI-0188,test,,2.422331181458998,0.8976040822845044,0.7141641312264208,1.874596789108811
LIDC-IDRI-0198_1_iso0.70__s_0,LIDC-IDRI-0198,test,,0.6681091867646104,1.6888909403012295,0.685556780779835,2.0031210444105025
LIDC-IDRI-0211_1_iso0.74__s_0,LIDC-IDRI-0211,test,,2.368643016264977,1.3890061915770653,1.1559452896123112,0.6369976798407753
LIDC-IDRI-0216_1_iso0.74__s_0,LIDC-IDRI-0216,test,,0.9191811585306341,1.4224868222247038,1.9257127620301504,2.477485706547041
LIDC-IDRI-0221_1_iso0.78__s_0,LIDC-IDRI-0221,test,,2.423123289463627,1.106096514069614,1.2866115248524448,1.5194872192466329
LIDC-IDRI-0230_1_iso0.70__s_0,LIDC-IDRI-0230,test,,1.2604676498441798,2.060453824361284,2.1159767981029534,2.132083308885628
LIDC-IDRI-0256_1_iso0.72__s_0,LIDC-IDRI-0256,test,,0.8847810624317675,1.0317220612340388,1.9481564965465379,1.9757053137793859
LIDC-IDRI-0275_1_iso0.74__s_0,LIDC-IDRI-0275,test,,0.42367595492978993,0.9385054664744915,0.9624544331592623,2.303469918650508
LIDC-IDRI-0281_1_iso0.74__s_0,LIDC-IDRI-0281,test,,0.9501271060991521,2.5105107761906647,2.93964809259557,1.6344383107976777
LIDC-IDRI-0297_1_iso0.55__s_0,LIDC-IDRI-0297,test,,0.8131368990678941,2.2461298155882696,1.780291079867038,0.9668570677410893
LIDC-IDRI-0317_1_iso0.62__s_0,LIDC-IDRI-0317,test,,0.4216356710863756,0.586882371711694,0.5891762889707848,2.477485706547041
LIDC-IDRI-0323_1_iso0.64__s_0,LIDC-IDRI-0323,test,,1.1876133758793042,0.5993318730749383,1.0690502184164374,2.2658432045415906
LIDC-IDRI-0335_1_iso0.71__s_0,LIDC-IDRI-0335,test,,0.4970753870336143,2.170127508115615,1.4790044309109547,2.303469918650508
LIDC-IDRI-0343_1_iso0.60__s_0,LIDC-IDRI-0343,test,,1.4306395763264828,1.4417864708565922,1.915831334390697,1.5500329432652806
LIDC-IDRI-0345_1_iso0.55__s_0,LIDC-IDRI-0345,test,,0.9478038220210742,1.6007338698927496,1.5128129010184312,2.381011456426372
LIDC-IDRI-0348_1_iso0.72__s_0,LIDC-IDRI-0348,test,,2.135652131884966,2.068544641649672,1.496175759577816,2.434294520578097
LIDC-IDRI-0353_1_iso0.70__s_0,LIDC-IDRI-0353,test,,1.3310615398497856,1.6165194133619945,1.5875058934290507,0.8902566992785292
LIDC-IDRI-0355_1_iso0.64__s_0,LIDC-IDRI-0355,test,,2.453535577957053,0.7591046987890377,0.8412217696887957,2.1700969804747863
LIDC-IDRI-0366_1_iso0.63__s_0,LIDC-IDRI-0366,test,,2.4114327616237885,1.040492925941058,1.0078396479405722,0.5557630625476077
LIDC-IDRI-0367_1_iso0.62__s_0,LIDC-IDRI-0367,test,,0.3532671630505802,3.036327753382708,2.9776232037077635,1.9239597630556913
LIDC-IDRI-0377_1_iso0.66__s_0,LIDC-IDRI-0377,test,,2.088380304585092,2.0741088059081174,1.5240735227556614,1.2388631956628697
LIDC-IDRI-0380_1_iso0.62__s_0,LIDC-IDRI-0380,test,,1.076831860933125,0.6963054769029925,0.41021834744570607,2.0395961855366114
LIDC-IDRI-0393_1_iso0.70__s_0,LIDC-IDRI-0393,test,,0.2771613167906115,1.6797380579708086,1.1101095633896592,2.49129397846915
LIDC-IDRI-0398_1_iso0.78__s_0,LIDC-IDRI-0398,test,,1.4884589912305741,2.030003004099661,1.542546279133584,1.477200276176332
LIDC-IDRI-0400_1_iso0.74__s_0,LIDC-IDRI-0400,test,,0.7279222208162979,1.8332323777849147,2.0850248893692047,1.9649707232073654
LIDC-IDRI-0404_1_iso0.80__s_0,LIDC-IDRI-0404,test,,2.1235148939468607,2.1061003435833237,0.8125532556669508,0.41373625242240736
LIDC-IDRI-0449_1_iso0.71__s_0,LIDC-IDRI-0449,test,,1.0565615563715498,0.6651393150412969,0.8393311299838488,2.588860686888792
LIDC-IDRI-0450_1_iso0.54__s_0,LIDC-IDRI-0450,test,,1.780218487321669,1.5697876350373052,1.9374876220642918,1.1321239003197294
LIDC-IDRI-0457_1_iso0.68__s_0,LIDC-IDRI-0457,test,,0.7830343369759912,1.356908476473557,1.5127957292256056,1.1926764388275894
LIDC-IDRI-0467_1_iso0.74__s_0,LIDC-IDRI-0467,test,,0.6655778009861021,2.467862352806463,2.4976281646070473,1.3046489036475923
LIDC-IDRI-0469_1_iso0.59__s_0,LIDC-IDRI-0469,test,,2.1945073060822002,2.6459245595423084,2.8901345255364905,1.1223310288013906
LIDC-IDRI-0473_1_iso0.82__s_0,LIDC-IDRI-0473,test,,0.5746680181288308,2.862868133398098,2.4786947127368677,1.8223337709936647
LIDC-IDRI-0478_1_iso0.69__s_0,LIDC-IDRI-0478,test,,0.4049768473909147,3.1056801062717065,2.8498931462624544,2.557141985280272
LIDC-IDRI-0491_1_iso0.62__s_0,LIDC-IDRI-0491,test,,1.5832797706108501,1.8366547787836909,1.1608033177863788,1.607870303326762
LIDC-IDRI-0493_1_iso0.59__s_0,LIDC-IDRI-0493,test,,2.745493063424491,0.8785919263957991,0.6767817151564478,1.1296901516158417
LIDC-IDRI-0497_1_iso0.70__s_0,LIDC-IDRI-0497,test,,1.6304680640584732,1.0858492979439318,0.6058457118534435,0.8748893244333279
LIDC-IDRI-0505_1_iso0.72__s_0,LIDC-IDRI-0505,test,,1.0481218044322516,0.9933444588879169,0.8753511128325413,1.2128693189426052
LIDC-IDRI-0542_1_iso0.55__s_0,LIDC-IDRI-0542,test,,0.6369358259828753,2.198539240305733,1.8640217243003527,2.1183701632417313
LIDC-IDRI-0556_1_iso0.80__s_0,LIDC-IDRI-0556,test,,0.9787851819788836,2.066786505681971,1.3135169157631708,2.056517059169253
LIDC-IDRI-0559_1_iso0.74__s_0,LIDC-IDRI-0559,test,,0.5091545118533235,1.899090387185231,2.080974022472615,2.3644496975020157
LIDC-IDRI-0571_1_iso0.56__s_0,LIDC-IDRI-0571,test,,1.4421890829069741,1.0344721277312368,0.8204437249269754,1.2464859300477142
LIDC-IDRI-0601_1_iso0.67__s_0,LIDC-IDRI-0601,test,,2.039654378179624,1.4976768230971338,1.5049227887983043,1.5306406968071617
LIDC-IDRI-0624_1_iso0.65__s_0,LIDC-IDRI-0624,test,,2.1995526925121305,1.8055324625533469,1.3335759244517404,0.8828030368929974
LIDC-IDRI-0639_1_iso0.62__s_0,LIDC-IDRI-0639,test,,0.8992910164123322,1.9865186761566704,0.5827714604572086,1.4484037791429685
LIDC-IDRI-0641_1_iso0.64__s_0,LIDC-IDRI-0641,test,,1.8782219154306903,1.831608636015784,2.5529115476813127,0.7388669431978994
LIDC-IDRI-0650_1_iso0.59__s_0,LIDC-IDRI-0650,test,,1.0172417964307814,1.3250701385350352,1.7474194118126316,2.1252822543184435
LIDC-IDRI-0661_1_iso0.79__s_0,LIDC-IDRI-0661,test,,2.5900950634706152,0.9916707461886631,1.6001797632103694,0.7501554321849915
LIDC-IDRI-0664_1_iso0.62__s_0,LIDC-IDRI-0664,test,,0.6501404754233026,1.778767755501517,0.8909264296443606,1.5375927639810327
LIDC-IDRI-0666_1_iso0.62__s_0,LIDC-IDRI-0666,test,,1.3840075183679874,0.4526534201802681,0.37652861821055805,1.334461043501322
LIDC-IDRI-0702_1_iso0.62__s_0,LIDC-IDRI-0702,test,,2.6645786908965876,0.7315223665082496,1.0690618762505317,1.1338705495276091
LIDC-IDRI-0704_1_iso0.62__s_0,LIDC-IDRI-0704,test,,0.9118013920113103,2.3635943293436714,1.140975354664156,1.0766062692760205
LIDC-IDRI-0706_1_iso0.59__s_0,LIDC-IDRI-0706,test,,2.0828828479902533,0.6802630544183034,1.423900018134795,2.564220464681694
LIDC-IDRI-0720_1_iso0.63__s_0,LIDC-IDRI-0720,test,,1.5877553247274316,2.197824156133897,1.7386407989349126,1.3323881956398609
LIDC-IDRI-0721_1_iso0.76__s_0,LIDC-IDRI-0721,test,,0.4970753870336143,1.2420598459966765,1.1981469122953528,2.248222594896944
LIDC-IDRI-0735_1_iso0.58__s_0,LIDC-IDRI-0735,test,,0.6247719306002346,1.8114348120979964,1.4572187329227881,2.304857590981451
LIDC-IDRI-0747_1_iso0.56__s_0,LIDC-IDRI-0747,test,,1.0032909583596923,0.44563131008527107,0.5822198636765065,1.7443023025184938
LIDC-IDRI-0759_1_iso0.65__s_0,LIDC-IDRI-0759,test,,1.348761291278244,1.4139555119238456,1.817943966465008,2.4066082241470825
LIDC-IDRI-0776_1_iso0.66__s_0,LIDC-IDRI-0776,test,,1.9537182401675883,2.0732014482699985,1.9283384856135712,1.6199548781550288
LIDC-IDRI-0859_1_iso0.57__s_0,LIDC-IDRI-0859,test,,0.5242698773491539,1.6811374339738843,2.060334321420727,2.2829029659974918
LIDC-IDRI-0873_1_iso0.60__s_0,LIDC-IDRI-0873,test,,1.1487812857422603,1.0881064696734999,0.9376683418940578,1.8695637600089337
LIDC-IDRI-0874_1_iso0.62__s_0,LIDC-IDRI-0874,test,,2.0488375674704744,1.8532331396436212,2.1503997428248103,0.7960960433035815
LIDC-IDRI-0880_1_iso0.63__s_0,LIDC-IDRI-0880,test,,0.995474117836116,1.6299729891965726,1.5522812331853648,1.9179504840758967
LIDC-IDRI-0912_1_iso0.83__s_0,LIDC-IDRI-0912,test,,2.282112896878249,1.0624653824727597,0.7809242792262179,1.2569879048461658
LIDC-IDRI-0913_1_iso0.53__s_0,LIDC-IDRI-0913,test,,2.2000825893876543,1.0826423244147487,1.6070924788319352,1.2373526581786594
LIDC-IDRI-0922_1_iso0.62__s_0,LIDC-IDRI-0922,test,,0.6756346036042228,2.792615704442491,1.4091831474519152,2.1655850920459345
LIDC-IDRI-0961_1_iso0.74__s_0,LIDC-IDRI-0961,test,,1.1834829842148924,1.2113884743402779,1.1205247684823558,2.3906012023608034
LIDC-IDRI-0965_1_iso0.74__s_0,LIDC-IDRI-0965,test,,1.9398616186513091,1.9913376144475095,1.7986924307560654,0.8851947079220842
LIDC-IDRI-1005_1_iso0.66__s_0,LIDC-IDRI-1005,test,,0.957042215544482,1.6850804484883173,1.9780807350880076,1.5154436833860327
LIDC-IDRI-1006_1_iso0.78__s_0,LIDC-IDRI-1006,test,,0.6668449430231892,2.952871861607252,2.8039224722521006,2.3792326524533123
