case_id,patient_id,split
LIDC-IDRI-0001_1_iso0.70__s_0,LIDC-IDRI-0001,test
LIDC-IDRI-0002_1_iso0.68__s_0,LIDC-IDRI-0002,train
LIDC-IDRI-0003_1_iso0.82__s_0,LIDC-IDRI-0003,train
LIDC-IDRI-0004_1_iso0.82__s_0,LIDC-IDRI-0004,train
LIDC-IDRI-0006_1_iso0.62__s_0,LIDC-IDRI-0006,train
LIDC-IDRI-0007_1_iso0.78__s_0,LIDC-IDRI-0007,train
LIDC-IDRI-0009_1_iso0.78__s_0,LIDC-IDRI-0009,validation
LIDC-IDRI-0011_1_iso0.74__s_0,LIDC-IDRI-0011,test
LIDC-IDRI-0012_1_iso0.74__s_0,LIDC-IDRI-0012,test
LIDC-IDRI-0013_1_iso0.59__s_0,LIDC-IDRI-0013,train
LIDC-IDRI-0014_1_iso0.66__s_0,LIDC-IDRI-0014,train
LIDC-IDRI-0015_1_iso0.69__s_0,LIDC-IDRI-0015,validation
LIDC-IDRI-0016_1_iso0.59__s_0,LIDC-IDRI-0016,test
LIDC-IDRI-0017_1_iso0.73__s_0,LIDC-IDRI-0017,train
LIDC-IDRI-0018_1_iso0.66__s_0,LIDC-IDRI-0018,train
LIDC-IDRI-0020_1_iso0.83__s_0,LIDC-IDRI-0020,test
LIDC-IDRI-0021_1_iso0.74__s_0,LIDC-IDRI-0021,train
LIDC-IDRI-0022_1_iso0.70__s_0,LIDC-IDRI-0022,train
LIDC-IDRI-0023_1_iso0.74__s_0,LIDC-IDRI-0023,train
LIDC-IDRI-0025_1_iso0.94__s_0,LIDC-IDRI-0025,test
LIDC-IDRI-0029_1_iso0.88__s_0,LIDC-IDRI-0029,validation
LIDC-IDRI-0030_1_iso0.70__s_0,LIDC-IDRI-0030,train
LIDC-IDRI-0031_1_iso0.86__s_0,LIDC-IDRI-0031,test
LIDC-IDRI-0034_1_iso0.67__s_0,LIDC-IDRI-0034,train
LIDC-IDRI-0036_1_iso0.74__s_0,LIDC-IDRI-0036,train
LIDC-IDRI-0037_1_iso0.62__s_0,LIDC-IDRI-0037,train
LIDC-IDRI-0041_1_iso0.82__s_0,LIDC-IDRI-0041,train
LIDC-IDRI-0043_1_iso0.74__s_0,LIDC-IDRI-0043,train
LIDC-IDRI-0044_1_iso0.70__s_0,LIDC-IDRI-0044,test
LIDC-IDRI-0045_1_iso0.66__s_0,LIDC-IDRI-0045,train
LIDC-IDRI-0047_1_iso0.78__s_0,LIDC-IDRI-0047,train
LIDC-IDRI-0048_1_iso0.95__s_0,LIDC-IDRI-0048,train
LIDC-IDRI-0050_1_iso0.78__s_0,LIDC-IDRI-0050,validation
LIDC-IDRI-0051_1_iso0.94__s_0,LIDC-IDRI-0051,train
LIDC-IDRI-0052_1_iso0.74__s_0,LIDC-IDRI-0052,train
LIDC-IDRI-0053_1_iso0.70__s_0,LIDC-IDRI-0053,train
LIDC-IDRI-0054_1_iso0.78__s_0,LIDC-IDRI-0054,train
LIDC-IDRI-0055_1_iso0.70__s_0,LIDC-IDRI-0055,test
LIDC-IDRI-0057_1_iso0.73__s_0,LIDC-IDRI-0057,train
LIDC-IDRI-0058_1_iso0.70__s_0,LIDC-IDRI-0058,train
LIDC-IDRI-0059_1_iso0.70__s_0,LIDC-IDRI-0059,test
LIDC-IDRI-0060_1_iso0.70__s_0,LIDC-IDRI-0060,validation
LIDC-IDRI-0061_1_iso0.82__s_0,LIDC-IDRI-0061,train
LIDC-IDRI-0063_1_iso0.78__s_0,LIDC-IDRI-0063,train
LIDC-IDRI-0066_1_iso0.50__s_0,LIDC-IDRI-0066,train
LIDC-IDRI-0067_1_iso0.78__s_0,LIDC-IDRI-0067,train
LIDC-IDRI-0068_1_iso0.68__s_0,LIDC-IDRI-0068,validation
LIDC-IDRI-0069_1_iso0.74__s_0,LIDC-IDRI-0069,validation
LIDC-IDRI-0072_1_iso0.73__s_0,LIDC-IDRI-0072,train
LIDC-IDRI-0073_1_iso0.70__s_0,LIDC-IDRI-0073,test
LIDC-IDRI-0074_1_iso0.70__s_0,LIDC-IDRI-0074,test
LIDC-IDRI-0075_1_iso0.92__s_0,LIDC-IDRI-0075,train
LIDC-IDRI-0077_1_iso0.66__s_0,LIDC-IDRI-0077,train
LIDC-IDRI-0078_1_iso0.65__s_0,LIDC-IDRI-0078,test
LIDC-IDRI-0079_1_iso0.70__s_0,LIDC-IDRI-0079,train
LIDC-IDRI-0080_1_iso0.78__s_0,LIDC-IDRI-0080,train
LIDC-IDRI-0081_1_iso0.86__s_0,LIDC-IDRI-0081,validation
LIDC-IDRI-0082_1_iso0.70__s_0,LIDC-IDRI-0082,train
LIDC-IDRI-0084_1_iso0.70__s_0,LIDC-IDRI-0084,train
LIDC-IDRI-0085_1_iso0.80__s_0,LIDC-IDRI-0085,validation
LIDC-IDRI-0086_1_iso0.74__s_0,LIDC-IDRI-0086,train
LIDC-IDRI-0087_1_iso0.70__s_0,LIDC-IDRI-0087,train
LIDC-IDRI-0089_1_iso0.82__s_0,LIDC-IDRI-0089,train
LIDC-IDRI-0093_1_iso0.66__s_0,LIDC-IDRI-0093,test
LIDC-IDRI-0094_1_iso0.74__s_0,LIDC-IDRI-0094,train
LIDC-IDRI-0095_1_iso0.60__s_0,LIDC-IDRI-0095,validation
LIDC-IDRI-0098_1_iso0.64__s_0,LIDC-IDRI-0098,train
LIDC-IDRI-0099_1_iso0.78__s_0,LIDC-IDRI-0099,train
LIDC-IDRI-0101_1_iso0.63__s_0,LIDC-IDRI-0101,test
LIDC-IDRI-0102_1_iso0.98__s_0,LIDC-IDRI-0102,test
LIDC-IDRI-0104_1_iso0.64__s_0,LIDC-IDRI-0104,test
LIDC-IDRI-0106_1_iso0.70__s_0,LIDC-IDRI-0106,validation
LIDC-IDRI-0108_1_iso0.70__s_0,LIDC-IDRI-0108,test
LIDC-IDRI-0111_1_iso0.70__s_0,LIDC-IDRI-0111,train
LIDC-IDRI-0112_1_iso0.70__s_0,LIDC-IDRI-0112,train
LIDC-IDRI-0114_1_iso0.88__s_0,LIDC-IDRI-0114,train
LIDC-IDRI-0115_1_iso0.57__s_0,LIDC-IDRI-0115,validation
LIDC-IDRI-0116_1_iso0.98__s_0,LIDC-IDRI-0116,train
LIDC-IDRI-0117_1_iso0.65__s_0,LIDC-IDRI-0117,train
LIDC-IDRI-0118_1_iso0.88__s_0,LIDC-IDRI-0118,test
LIDC-IDRI-0119_1_iso0.54__s_0,LIDC-IDRI-0119,train
LIDC-IDRI-0121_1_iso0.92__s_0,LIDC-IDRI-0121,train
LIDC-IDRI-0123_1_iso0.86__s_0,LIDC-IDRI-0123,validation
LIDC-IDRI-0124_1_iso0.78__s_0,LIDC-IDRI-0124,test
LIDC-IDRI-0125_1_iso0.90__s_0,LIDC-IDRI-0125,validation
LIDC-IDRI-0126_1_iso0.78__s_0,LIDC-IDRI-0126,train
LIDC-IDRI-0127_1_iso0.78__s_0,LIDC-IDRI-0127,train
LIDC-IDRI-0128_1_iso0.85__s_0,LIDC-IDRI-0128,train
LIDC-IDRI-0129_1_iso0.74__s_0,LIDC-IDRI-0129,train
LIDC-IDRI-0130_1_iso0.72__s_0,LIDC-IDRI-0130,validation
LIDC-IDRI-0132_1_iso0.54__s_0,LIDC-IDRI-0132,train
LIDC-IDRI-0134_1_iso0.70__s_0,LIDC-IDRI-0134,train
LIDC-IDRI-0136_1_iso0.84__s_0,LIDC-IDRI-0136,validation
LIDC-IDRI-0137_1_iso0.78__s_0,LIDC-IDRI-0137,train
LIDC-IDRI-0138_1_iso0.88__s_0,LIDC-IDRI-0138,train
LIDC-IDRI-0139_1_iso0.70__s_0,LIDC-IDRI-0139,train
LIDC-IDRI-0141_1_iso0.62__s_0,LIDC-IDRI-0141,train
LIDC-IDRI-0142_1_iso0.78__s_0,LIDC-IDRI-0142,train
LIDC-IDRI-0144_1_iso0.74__s_0,LIDC-IDRI-0144,train
LIDC-IDRI-0145_1_iso0.78__s_0,LIDC-IDRI-0145,train
LIDC-IDRI-0148_1_iso0.78__s_0,LIDC-IDRI-0148,train
LIDC-IDRI-0149_1_iso0.78__s_0,LIDC-IDRI-0149,validation
LIDC-IDRI-0150_1_iso0.65__s_0,LIDC-IDRI-0150,train
LIDC-IDRI-0151_1_iso0.57__s_0,LIDC-IDRI-0151,train
LIDC-IDRI-0153_1_iso0.90__s_0,LIDC-IDRI-0153,train
LIDC-IDRI-0154_1_iso0.70__s_0,LIDC-IDRI-0154,validation
LIDC-IDRI-0156_1_iso0.68__s_0,LIDC-IDRI-0156,train
LIDC-IDRI-0157_1_iso0.82__s_0,LIDC-IDRI-0157,train
LIDC-IDRI-0160_1_iso0.78__s_0,LIDC-IDRI-0160,train
LIDC-IDRI-0161_1_iso0.82__s_0,LIDC-IDRI-0161,train
LIDC-IDRI-0163_1_iso0.70__s_0,LIDC-IDRI-0163,test
LIDC-IDRI-0164_1_iso0.86__s_0,LIDC-IDRI-0164,train
LIDC-IDRI-0166_1_iso0.70__s_0,LIDC-IDRI-0166,validation
LIDC-IDRI-0169_1_iso0.62__s_0,LIDC-IDRI-0169,train
LIDC-IDRI-0170_1_iso0.90__s_0,LIDC-IDRI-0170,train
LIDC-IDRI-0171_1_iso0.86__s_0,LIDC-IDRI-0171,train
LIDC-IDRI-0172_1_iso0.70__s_0,LIDC-IDRI-0172,train
LIDC-IDRI-0173_1_iso0.74__s_0,LIDC-IDRI-0173,train
LIDC-IDRI-0176_1_iso0.70__s_0,LIDC-IDRI-0176,train
LIDC-IDRI-0179_1_iso0.70__s_0,LIDC-IDRI-0179,train
LIDC-IDRI-0181_1_iso0.78__s_0,LIDC-IDRI-0181,train
LIDC-IDRI-0182_1_iso0.70__s_0,LIDC-IDRI-0182,train
LIDC-IDRI-0183_1_iso0.82__s_0,LIDC-IDRI-0183,train
LIDC-IDRI-0184_1_iso0.62__s_0,LIDC-IDRI-0184,validation
LIDC-IDRI-0185_1_iso0.78__s_0,LIDC-IDRI-0185,train
LIDC-IDRI-0187_1_iso0.86__s_0,LIDC-IDRI-0187,train
LIDC-IDRI-0188_1_iso0.70__s_0,LIDC-IDRI-0188,test
LIDC-IDRI-0190_1_iso0.70__s_0,LIDC-IDRI-0190,validation
LIDC-IDRI-0191_1_iso0.90__s_0,LIDC-IDRI-0191,train
LIDC-IDRI-0193_1_iso0.70__s_0,LIDC-IDRI-0193,train
LIDC-IDRI-0195_1_iso0.66__s_0,LIDC-IDRI-0195,train
LIDC-IDRI-0196_1_iso0.62__s_0,LIDC-IDRI-0196,train
LIDC-IDRI-0198_1_iso0.70__s_0,LIDC-IDRI-0198,test
LIDC-IDRI-0200_1_iso0.82__s_0,LIDC-IDRI-0200,train
LIDC-IDRI-0201_1_iso0.66__s_0,LIDC-IDRI-0201,train
LIDC-IDRI-0203_1_iso0.78__s_0,LIDC-IDRI-0203,validation
LIDC-IDRI-0204_1_iso0.70__s_0,LIDC-IDRI-0204,train
LIDC-IDRI-0206_1_iso0.75__s_0,LIDC-IDRI-0206,train
LIDC-IDRI-0208_1_iso0.66__s_0,LIDC-IDRI-0208,train
LIDC-IDRI-0209_1_iso0.82__s_0,LIDC-IDRI-0209,train
LIDC-IDRI-0211_1_iso0.74__s_0,LIDC-IDRI-0211,test
LIDC-IDRI-0212_1_iso0.70__s_0,LIDC-IDRI-0212,train
LIDC-IDRI-0213_1_iso0.74__s_0,LIDC-IDRI-0213,train
LIDC-IDRI-0216_1_iso0.74__s_0,LIDC-IDRI-0216,test
LIDC-IDRI-0217_1_iso0.78__s_0,LIDC-IDRI-0217,validation
LIDC-IDRI-0219_1_iso0.70__s_0,LIDC-IDRI-0219,train
LIDC-IDRI-0220_1_iso0.78__s_0,LIDC-IDRI-0220,train
LIDC-IDRI-0221_1_iso0.78__s_0,LIDC-IDRI-0221,test
LIDC-IDRI-0222_1_iso0.62__s_0,LIDC-IDRI-0222,train
LIDC-IDRI-0223_1_iso0.78__s_0,LIDC-IDRI-0223,validation
LIDC-IDRI-0228_1_iso0.70__s_0,LIDC-IDRI-0228,train
LIDC-IDRI-0229_1_iso0.76__s_0,LIDC-IDRI-0229,train
LIDC-IDRI-0230_1_iso0.70__s_0,LIDC-IDRI-0230,test
LIDC-IDRI-0232_1_iso0.70__s_0,LIDC-IDRI-0232,train
LIDC-IDRI-0235_1_iso0.70__s_0,LIDC-IDRI-0235,train
LIDC-IDRI-0237_1_iso0.82__s_0,LIDC-IDRI-0237,train
LIDC-IDRI-0240_1_iso0.70__s_0,LIDC-IDRI-0240,train
LIDC-IDRI-0241_1_iso0.68__s_0,LIDC-IDRI-0241,train
LIDC-IDRI-0242_1_iso0.78__s_0,LIDC-IDRI-0242,train
LIDC-IDRI-0243_1_iso0.82__s_0,LIDC-IDRI-0243,train
LIDC-IDRI-0244_1_iso0.78__s_0,LIDC-IDRI-0244,train
LIDC-IDRI-0246_1_iso0.78__s_0,LIDC-IDRI-0246,train
LIDC-IDRI-0248_1_iso0.98__s_0,LIDC-IDRI-0248,validation
LIDC-IDRI-0249_1_iso0.82__s_0,LIDC-IDRI-0249,train
LIDC-IDRI-0250_1_iso0.82__s_0,LIDC-IDRI-0250,train
LIDC-IDRI-0252_1_iso0.86__s_0,LIDC-IDRI-0252,train
LIDC-IDRI-0254_1_iso0.59__s_0,LIDC-IDRI-0254,train
LIDC-IDRI-0255_1_iso0.70__s_0,LIDC-IDRI-0255,validation
LIDC-IDRI-0256_1_iso0.72__s_0,LIDC-IDRI-0256,test
LIDC-IDRI-0257_1_iso0.78__s_0,LIDC-IDRI-0257,train
LIDC-IDRI-0259_1_iso0.74__s_0,LIDC-IDRI-0259,train
LIDC-IDRI-0260_1_iso0.66__s_0,LIDC-IDRI-0260,train
LIDC-IDRI-0262_1_iso0.63__s_0,LIDC-IDRI-0262,train
LIDC-IDRI-0263_1_iso0.74__s_0,LIDC-IDRI-0263,validation
LIDC-IDRI-0264_1_iso0.70__s_0,LIDC-IDRI-0264,train
LIDC-IDRI-0265_1_iso0.78__s_0,LIDC-IDRI-0265,train
LIDC-IDRI-0266_1_iso0.66__s_0,LIDC-IDRI-0266,validation
LIDC-IDRI-0267_1_iso0.82__s_0,LIDC-IDRI-0267,validation
LIDC-IDRI-0268_1_iso0.78__s_0,LIDC-IDRI-0268,train
LIDC-IDRI-0270_1_iso0.74__s_0,LIDC-IDRI-0270,train
LIDC-IDRI-0271_1_iso0.70__s_0,LIDC-IDRI-0271,validation
LIDC-IDRI-0272_1_iso0.78__s_0,LIDC-IDRI-0272,train
LIDC-IDRI-0273_1_iso0.70__s_0,LIDC-IDRI-0273,validation
LIDC-IDRI-0274_1_iso0.86__s_0,LIDC-IDRI-0274,train
LIDC-IDRI-0275_1_iso0.74__s_0,LIDC-IDRI-0275,test
LIDC-IDRI-0276_1_iso0.70__s_0,LIDC-IDRI-0276,validation
LIDC-IDRI-0277_1_iso0.72__s_0,LIDC-IDRI-0277,validation
LIDC-IDRI-0280_1_iso0.70__s_0,LIDC-IDRI-0280,validation
LIDC-IDRI-0281_1_iso0.74__s_0,LIDC-IDRI-0281,test
LIDC-IDRI-0285_1_iso0.82__s_0,LIDC-IDRI-0285,train
LIDC-IDRI-0286_1_iso0.70__s_0,LIDC-IDRI-0286,train
LIDC-IDRI-0287_1_iso0.78__s_0,LIDC-IDRI-0287,train
LIDC-IDRI-0289_1_iso0.90__s_0,LIDC-IDRI-0289,train
LIDC-IDRI-0290_1_iso0.70__s_0,LIDC-IDRI-0290,validation
LIDC-IDRI-0291_1_iso0.70__s_0,LIDC-IDRI-0291,train
LIDC-IDRI-0294_1_iso0.51__s_0,LIDC-IDRI-0294,train
LIDC-IDRI-0296_1_iso0.77__s_0,LIDC-IDRI-0296,train
LIDC-IDRI-0297_1_iso0.55__s_0,LIDC-IDRI-0297,test
LIDC-IDRI-0301_1_iso0.62__s_0,LIDC-IDRI-0301,train
LIDC-IDRI-0303_1_iso0.76__s_0,LIDC-IDRI-0303,train
LIDC-IDRI-0304_1_iso0.70__s_0,LIDC-IDRI-0304,train
LIDC-IDRI-0305_1_iso0.62__s_0,LIDC-IDRI-0305,train
LIDC-IDRI-0308_1_iso0.62__s_0,LIDC-IDRI-0308,train
LIDC-IDRI-0309_1_iso0.64__s_0,LIDC-IDRI-0309,train
LIDC-IDRI-0311_1_iso0.78__s_0,LIDC-IDRI-0311,validation
LIDC-IDRI-0312_1_iso0.59__s_0,LIDC-IDRI-0312,train
LIDC-IDRI-0313_1_iso0.70__s_0,LIDC-IDRI-0313,train
LIDC-IDRI-0314_1_iso0.78__s_0,LIDC-IDRI-0314,train
LIDC-IDRI-0315_1_iso0.80__s_0,LIDC-IDRI-0315,train
LIDC-IDRI-0317_1_iso0.62__s_0,LIDC-IDRI-0317,test
LIDC-IDRI-0318_1_iso0.52__s_0,LIDC-IDRI-0318,train
LIDC-IDRI-0321_1_iso0.66__s_0,LIDC-IDRI-0321,train
LIDC-IDRI-0323_1_iso0.64__s_0,LIDC-IDRI-0323,test
LIDC-IDRI-0324_1_iso0.70__s_0,LIDC-IDRI-0324,train
LIDC-IDRI-0325_1_iso0.81__s_0,LIDC-IDRI-0325,train
LIDC-IDRI-0326_1_iso0.62__s_0,LIDC-IDRI-0326,train
LIDC-IDRI-0329_1_iso0.52__s_0,LIDC-IDRI-0329,train
LIDC-IDRI-0332_1_iso0.64__s_0,LIDC-IDRI-0332,train
LIDC-IDRI-0335_1_iso0.71__s_0,LIDC-IDRI-0335,test
LIDC-IDRI-0337_1_iso0.57__s_0,LIDC-IDRI-0337,train
LIDC-IDRI-0343_1_iso0.60__s_0,LIDC-IDRI-0343,test
LIDC-IDRI-0345_1_iso0.55__s_0,LIDC-IDRI-0345,test
LIDC-IDRI-0346_1_iso0.66__s_0,LIDC-IDRI-0346,train
LIDC-IDRI-0347_1_iso0.72__s_0,LIDC-IDRI-0347,train
LIDC-IDRI-0348_1_iso0.72__s_0,LIDC-IDRI-0348,test
LIDC-IDRI-0351_1_iso0.57__s_0,LIDC-IDRI-0351,train
LIDC-IDRI-0353_1_iso0.70__s_0,LIDC-IDRI-0353,test
LIDC-IDRI-0355_1_iso0.64__s_0,LIDC-IDRI-0355,test
LIDC-IDRI-0357_1_iso0.70__s_0,LIDC-IDRI-0357,train
LIDC-IDRI-0359_1_iso0.61__s_0,LIDC-IDRI-0359,validation
LIDC-IDRI-0362_1_iso0.70__s_0,LIDC-IDRI-0362,train
LIDC-IDRI-0363_1_iso0.70__s_0,LIDC-IDRI-0363,train
LIDC-IDRI-0366_1_iso0.63__s_0,LIDC-IDRI-0366,test
LIDC-IDRI-0367_1_iso0.62__s_0,LIDC-IDRI-0367,test
LIDC-IDRI-0368_1_iso0.71__s_0,LIDC-IDRI-0368,train
LIDC-IDRI-0371_1_iso0.62__s_0,LIDC-IDRI-0371,train
LIDC-IDRI-0373_1_iso0.62__s_0,LIDC-IDRI-0373,train
LIDC-IDRI-0375_1_iso0.62__s_0,LIDC-IDRI-0375,train
LIDC-IDRI-0376_1_iso0.62__s_0,LIDC-IDRI-0376,train
LIDC-IDRI-0377_1_iso0.66__s_0,LIDC-IDRI-0377,test
LIDC-IDRI-0380_1_iso0.62__s_0,LIDC-IDRI-0380,test
LIDC-IDRI-0385_1_iso0.62__s_0,LIDC-IDRI-0385,validation
LIDC-IDRI-0388_1_iso0.63__s_0,LIDC-IDRI-0388,train
LIDC-IDRI-0390_1_iso0.63__s_0,LIDC-IDRI-0390,train
LIDC-IDRI-0393_1_iso0.70__s_0,LIDC-IDRI-0393,test
LIDC-IDRI-0394_1_iso0.53__s_0,LIDC-IDRI-0394,train
LIDC-IDRI-0395_1_iso0.66__s_0,LIDC-IDRI-0395,train
LIDC-IDRI-0398_1_iso0.78__s_0,LIDC-IDRI-0398,test
LIDC-IDRI-0399_1_iso0.66__s_0,LIDC-IDRI-0399,validation
LIDC-IDRI-0400_1_iso0.74__s_0,LIDC-IDRI-0400,test
LIDC-IDRI-0402_1_iso0.74__s_0,LIDC-IDRI-0402,train
LIDC-IDRI-0403_1_iso0.50__s_0,LIDC-IDRI-0403,validation
LIDC-IDRI-0404_1_iso0.80__s_0,LIDC-IDRI-0404,test
LIDC-IDRI-0405_1_iso0.65__s_0,LIDC-IDRI-0405,train
LIDC-IDRI-0407_1_iso0.66__s_0,LIDC-IDRI-0407,train
LIDC-IDRI-0413_1_iso0.74__s_0,LIDC-IDRI-0413,train
LIDC-IDRI-0414_1_iso0.67__s_0,LIDC-IDRI-0414,validation
LIDC-IDRI-0415_1_iso0.61__s_0,LIDC-IDRI-0415,validation
LIDC-IDRI-0419_1_iso0.66__s_0,LIDC-IDRI-0419,train
LIDC-IDRI-0420_1_iso0.66__s_0,LIDC-IDRI-0420,train
LIDC-IDRI-0423_1_iso0.76__s_0,LIDC-IDRI-0423,train
LIDC-IDRI-0426_1_iso0.70__s_0,LIDC-IDRI-0426,train
LIDC-IDRI-0427_1_iso0.62__s_0,LIDC-IDRI-0427,train
LIDC-IDRI-0431_1_iso0.64__s_0,LIDC-IDRI-0431,train
LIDC-IDRI-0432_1_iso0.62__s_0,LIDC-IDRI-0432,train
LIDC-IDRI-0433_1_iso0.83__s_0,LIDC-IDRI-0433,train
LIDC-IDRI-0435_1_iso0.53__s_0,LIDC-IDRI-0435,train
LIDC-IDRI-0436_1_iso0.69__s_0,LIDC-IDRI-0436,train
LIDC-IDRI-0437_1_iso0.62__s_0,LIDC-IDRI-0437,train
LIDC-IDRI-0439_1_iso0.69__s_0,LIDC-IDRI-0439,train
LIDC-IDRI-0440_1_iso0.62__s_0,LIDC-IDRI-0440,train
LIDC-IDRI-0442_1_iso0.59__s_0,LIDC-IDRI-0442,train
LIDC-IDRI-0443_1_iso0.62__s_0,LIDC-IDRI-0443,train
LIDC-IDRI-0444_1_iso0.62__s_0,LIDC-IDRI-0444,train
LIDC-IDRI-0447_1_iso0.55__s_0,LIDC-IDRI-0447,train
LIDC-IDRI-0449_1_iso0.71__s_0,LIDC-IDRI-0449,test
LIDC-IDRI-0450_1_iso0.54__s_0,LIDC-IDRI-0450,test
LIDC-IDRI-0453_1_iso0.64__s_0,LIDC-IDRI-0453,train
LIDC-IDRI-0454_1_iso0.72__s_0,LIDC-IDRI-0454,train
LIDC-IDRI-0456_1_iso0.68__s_0,LIDC-IDRI-0456,train
LIDC-IDRI-0457_1_iso0.68__s_0,LIDC-IDRI-0457,test
LIDC-IDRI-0461_1_iso0.57__s_0,LIDC-IDRI-0461,train
LIDC-IDRI-0462_1_iso0.62__s_0,LIDC-IDRI-0462,train
LIDC-IDRI-0463_1_iso0.66__s_0,LIDC-IDRI-0463,train
LIDC-IDRI-0464_1_iso0.59__s_0,LIDC-IDRI-0464,validation
LIDC-IDRI-0466_1_iso0.62__s_0,LIDC-IDRI-0466,validation
LIDC-IDRI-0467_1_iso0.74__s_0,LIDC-IDRI-0467,test
LIDC-IDRI-0468_1_iso0.77__s_0,LIDC-IDRI-0468,train
LIDC-IDRI-0469_1_iso0.59__s_0,LIDC-IDRI-0469,test
LIDC-IDRI-0470_1_iso0.70__s_0,LIDC-IDRI-0470,train
LIDC-IDRI-0471_1_iso0.66__s_0,LIDC-IDRI-0471,train
LIDC-IDRI-0473_1_iso0.82__s_0,LIDC-IDRI-0473,test
LIDC-IDRI-0475_1_iso0.64__s_0,LIDC-IDRI-0475,train
LIDC-IDRI-0477_1_iso0.64__s_0,LIDC-IDRI-0477,train
LIDC-IDRI-0478_1_iso0.69__s_0,LIDC-IDRI-0478,test
LIDC-IDRI-0481_1_iso0.61__s_0,LIDC-IDRI-0481,train
LIDC-IDRI-0483_1_iso0.70__s_0,LIDC-IDRI-0483,train
LIDC-IDRI-0485_1_iso0.74__s_0,LIDC-IDRI-0485,train
LIDC-IDRI-0488_1_iso0.59__s_0,LIDC-IDRI-0488,train
LIDC-IDRI-0489_1_iso0.70__s_0,LIDC-IDRI-0489,train
LIDC-IDRI-0490_1_iso0.45__s_0,LIDC-IDRI-0490,train
LIDC-IDRI-0491_1_iso0.62__s_0,LIDC-IDRI-0491,test
LIDC-IDRI-0492_1_iso0.64__s_0,LIDC-IDRI-0492,train
LIDC-IDRI-0493_1_iso0.59__s_0,LIDC-IDRI-0493,test
LIDC-IDRI-0494_1_iso0.59__s_0,LIDC-IDRI-0494,train
LIDC-IDRI-0495_1_iso0.70__s_0,LIDC-IDRI-0495,validation
LIDC-IDRI-0497_1_iso0.70__s_0,LIDC-IDRI-0497,test
LIDC-IDRI-0505_1_iso0.72__s_0,LIDC-IDRI-0505,test
LIDC-IDRI-0507_1_iso0.70__s_0,LIDC-IDRI-0507,train
LIDC-IDRI-0508_1_iso0.83__s_0,LIDC-IDRI-0508,train
LIDC-IDRI-0510_1_iso0.78__s_0,LIDC-IDRI-0510,train
LIDC-IDRI-0515_1_iso0.76__s_0,LIDC-IDRI-0515,train
LIDC-IDRI-0516_1_iso0.57__s_0,LIDC-IDRI-0516,train
LIDC-IDRI-0520_1_iso0.62__s_0,LIDC-IDRI-0520,train
LIDC-IDRI-0521_1_iso0.70__s_0,LIDC-IDRI-0521,train
LIDC-IDRI-0522_1_iso0.58__s_0,LIDC-IDRI-0522,train
LIDC-IDRI-0524_1_iso0.53__s_0,LIDC-IDRI-0524,validation
LIDC-IDRI-0525_1_iso0.54__s_0,LIDC-IDRI-0525,train
LIDC-IDRI-0526_1_iso0.81__s_0,LIDC-IDRI-0526,validation
LIDC-IDRI-0527_1_iso0.73__s_0,LIDC-IDRI-0527,train
LIDC-IDRI-0529_1_iso0.62__s_0,LIDC-IDRI-0529,train
LIDC-IDRI-0530_1_iso0.59__s_0,LIDC-IDRI-0530,train
LIDC-IDRI-0532_1_iso0.68__s_0,LIDC-IDRI-0532,train
LIDC-IDRI-0534_1_iso0.67__s_0,LIDC-IDRI-0534,train
LIDC-IDRI-0537_1_iso0.62__s_0,LIDC-IDRI-0537,train
LIDC-IDRI-0538_1_iso0.57__s_0,LIDC-IDRI-0538,train
LIDC-IDRI-0539_1_iso0.60__s_0,LIDC-IDRI-0539,train
LIDC-IDRI-0541_1_iso0.77__s_0,LIDC-IDRI-0541,validation
LIDC-IDRI-0542_1_iso0.55__s_0,LIDC-IDRI-0542,test
LIDC-IDRI-0543_1_iso0.65__s_0,LIDC-IDRI-0543,train
LIDC-IDRI-0546_1_iso0.63__s_0,LIDC-IDRI-0546,train
LIDC-IDRI-0552_1_iso0.56__s_0,LIDC-IDRI-0552,validation
LIDC-IDRI-0553_1_iso0.62__s_0,LIDC-IDRI-0553,train
LIDC-IDRI-0556_1_iso0.80__s_0,LIDC-IDRI-0556,test
LIDC-IDRI-0557_1_iso0.62__s_0,LIDC-IDRI-0557,train
LIDC-IDRI-0559_1_iso0.74__s_0,LIDC-IDRI-0559,test
LIDC-IDRI-0562_1_iso0.61__s_0,LIDC-IDRI-0562,train
LIDC-IDRI-0565_1_iso0.68__s_0,LIDC-IDRI-0565,train
LIDC-IDRI-0566_1_iso0.66__s_0,LIDC-IDRI-0566,validation
LIDC-IDRI-0567_1_iso0.66__s_0,LIDC-IDRI-0567,validation
LIDC-IDRI-0568_1_iso0.70__s_0,LIDC-IDRI-0568,validation
LIDC-IDRI-0571_1_iso0.56__s_0,LIDC-IDRI-0571,test
LIDC-IDRI-0572_1_iso0.62__s_0,LIDC-IDRI-0572,train
LIDC-IDRI-0575_1_iso0.62__s_0,LIDC-IDRI-0575,train
LIDC-IDRI-0576_1_iso0.56__s_0,LIDC-IDRI-0576,train
LIDC-IDRI-0578_1_iso0.78__s_0,LIDC-IDRI-0578,train
LIDC-IDRI-0581_1_iso0.63__s_0,LIDC-IDRI-0581,train
LIDC-IDRI-0582_1_iso0.66__s_0,LIDC-IDRI-0582,train
LIDC-IDRI-0583_1_iso0.64__s_0,LIDC-IDRI-0583,train
LIDC-IDRI-0586_1_iso0.58__s_0,LIDC-IDRI-0586,train
LIDC-IDRI-0587_1_iso0.62__s_0,LIDC-IDRI-0587,train
LIDC-IDRI-0588_1_iso0.72__s_0,LIDC-IDRI-0588,train
LIDC-IDRI-0590_1_iso0.62__s_0,LIDC-IDRI-0590,train
LIDC-IDRI-0595_1_iso0.59__s_0,LIDC-IDRI-0595,train
LIDC-IDRI-0597_1_iso0.85__s_0,LIDC-IDRI-0597,train
LIDC-IDRI-0598_1_iso0.68__s_0,LIDC-IDRI-0598,train
LIDC-IDRI-0599_1_iso0.56__s_0,LIDC-IDRI-0599,train
LIDC-IDRI-0601_1_iso0.67__s_0,LIDC-IDRI-0601,test
LIDC-IDRI-0602_1_iso0.65__s_0,LIDC-IDRI-0602,validation
LIDC-IDRI-0604_1_iso0.59__s_0,LIDC-IDRI-0604,train
LIDC-IDRI-0605_1_iso0.70__s_0,LIDC-IDRI-0605,train
LIDC-IDRI-0606_1_iso0.50__s_0,LIDC-IDRI-0606,train
LIDC-IDRI-0607_1_iso0.62__s_0,LIDC-IDRI-0607,train
LIDC-IDRI-0608_1_iso0.68__s_0,LIDC-IDRI-0608,train
LIDC-IDRI-0609_1_iso0.62__s_0,LIDC-IDRI-0609,train
LIDC-IDRI-0610_1_iso0.70__s_0,LIDC-IDRI-0610,train
LIDC-IDRI-0614_1_iso0.62__s_0,LIDC-IDRI-0614,train
LIDC-IDRI-0615_1_iso0.70__s_0,LIDC-IDRI-0615,train
LIDC-IDRI-0617_1_iso0.66__s_0,LIDC-IDRI-0617,train
LIDC-IDRI-0619_1_iso0.72__s_0,LIDC-IDRI-0619,train
LIDC-IDRI-0620_1_iso0.60__s_0,LIDC-IDRI-0620,train
LIDC-IDRI-0621_1_iso0.50__s_0,LIDC-IDRI-0621,train
LIDC-IDRI-0624_1_iso0.65__s_0,LIDC-IDRI-0624,test
LIDC-IDRI-0625_1_iso0.66__s_0,LIDC-IDRI-0625,validation
LIDC-IDRI-0628_1_iso0.78__s_0,LIDC-IDRI-0628,validation
LIDC-IDRI-0629_1_iso0.63__s_0,LIDC-IDRI-0629,train
LIDC-IDRI-0630_1_iso0.58__s_0,LIDC-IDRI-0630,train
LIDC-IDRI-0635_1_iso0.75__s_0,LIDC-IDRI-0635,train
LIDC-IDRI-0638_1_iso0.61__s_0,LIDC-IDRI-0638,validation
LIDC-IDRI-0639_1_iso0.62__s_0,LIDC-IDRI-0639,test
LIDC-IDRI-0640_1_iso0.59__s_0,LIDC-IDRI-0640,train
LIDC-IDRI-0641_1_iso0.64__s_0,LIDC-IDRI-0641,test
LIDC-IDRI-0643_1_iso0.61__s_0,LIDC-IDRI-0643,train
LIDC-IDRI-0644_1_iso0.77__s_0,LIDC-IDRI-0644,train
LIDC-IDRI-0645_1_iso0.59__s_0,LIDC-IDRI-0645,train
LIDC-IDRI-0647_1_iso0.62__s_0,LIDC-IDRI-0647,train
LIDC-IDRI-0648_1_iso0.50__s_0,LIDC-IDRI-0648,train
LIDC-IDRI-0650_1_iso0.59__s_0,LIDC-IDRI-0650,test
LIDC-IDRI-0655_1_iso0.65__s_0,LIDC-IDRI-0655,validation
LIDC-IDRI-0657_1_iso0.62__s_0,LIDC-IDRI-0657,train
LIDC-IDRI-0658_1_iso0.67__s_0,LIDC-IDRI-0658,train
LIDC-IDRI-0659_1_iso0.66__s_0,LIDC-IDRI-0659,train
LIDC-IDRI-0661_1_iso0.79__s_0,LIDC-IDRI-0661,test
LIDC-IDRI-0662_1_iso0.70__s_0,LIDC-IDRI-0662,validation
LIDC-IDRI-0663_1_iso0.62__s_0,LIDC-IDRI-0663,train
LIDC-IDRI-0664_1_iso0.62__s_0,LIDC-IDRI-0664,test
LIDC-IDRI-0666_1_iso0.62__s_0,LIDC-IDRI-0666,test
LIDC-IDRI-0669_1_iso0.62__s_0,LIDC-IDRI-0669,train
LIDC-IDRI-0670_1_iso0.61__s_0,LIDC-IDRI-0670,validation
LIDC-IDRI-0671_1_iso0.68__s_0,LIDC-IDRI-0671,validation
LIDC-IDRI-0672_1_iso0.63__s_0,LIDC-IDRI-0672,train
LIDC-IDRI-0674_1_iso0.59__s_0,LIDC-IDRI-0674,train
LIDC-IDRI-0678_1_iso0.53__s_0,LIDC-IDRI-0678,train
LIDC-IDRI-0681_1_iso0.62__s_0,LIDC-IDRI-0681,train
LIDC-IDRI-0682_1_iso0.72__s_0,LIDC-IDRI-0682,train
LIDC-IDRI-0687_1_iso0.70__s_0,LIDC-IDRI-0687,train
LIDC-IDRI-0693_1_iso0.74__s_0,LIDC-IDRI-0693,validation
LIDC-IDRI-0696_1_iso0.62__s_0,LIDC-IDRI-0696,train
LIDC-IDRI-0697_1_iso0.88__s_0,LIDC-IDRI-0697,train
LIDC-IDRI-0698_1_iso0.62__s_0,LIDC-IDRI-0698,train
LIDC-IDRI-0700_1_iso0.63__s_0,LIDC-IDRI-0700,train
LIDC-IDRI-0701_1_iso0.57__s_0,LIDC-IDRI-0701,train
LIDC-IDRI-0702_1_iso0.62__s_0,LIDC-IDRI-0702,test
LIDC-IDRI-0703_1_iso0.68__s_0,LIDC-IDRI-0703,train
LIDC-IDRI-0704_1_iso0.62__s_0,LIDC-IDRI-0704,test
LIDC-IDRI-0705_1_iso0.61__s_0,LIDC-IDRI-0705,train
LIDC-IDRI-0706_1_iso0.59__s_0,LIDC-IDRI-0706,test
LIDC-IDRI-0708_1_iso0.74__s_0,LIDC-IDRI-0708,train
LIDC-IDRI-0709_1_iso0.54__s_0,LIDC-IDRI-0709,train
LIDC-IDRI-0713_1_iso0.67__s_0,LIDC-IDRI-0713,validation
LIDC-IDRI-0715_1_iso0.62__s_0,LIDC-IDRI-0715,train
LIDC-IDRI-0717_1_iso0.54__s_0,LIDC-IDRI-0717,train
LIDC-IDRI-0719_1_iso0.57__s_0,LIDC-IDRI-0719,train
LIDC-IDRI-0720_1_iso0.63__s_0,LIDC-IDRI-0720,test
LIDC-IDRI-0721_1_iso0.76__s_0,LIDC-IDRI-0721,test
LIDC-IDRI-0722_1_iso0.62__s_0,LIDC-IDRI-0722,train
LIDC-IDRI-0724_1_iso0.59__s_0,LIDC-IDRI-0724,train
LIDC-IDRI-0725_1_iso0.70__s_0,LIDC-IDRI-0725,validation
LIDC-IDRI-0726_1_iso0.67__s_0,LIDC-IDRI-0726,train
LIDC-IDRI-0727_1_iso0.62__s_0,LIDC-IDRI-0727,train
LIDC-IDRI-0729_1_iso0.74__s_0,LIDC-IDRI-0729,validation
LIDC-IDRI-0730_1_iso0.56__s_0,LIDC-IDRI-0730,train
LIDC-IDRI-0732_1_iso0.66__s_0,LIDC-IDRI-0732,train
LIDC-IDRI-0734_1_iso0.59__s_0,LIDC-IDRI-0734,train
LIDC-IDRI-0735_1_iso0.58__s_0,LIDC-IDRI-0735,test
LIDC-IDRI-0740_1_iso0.57__s_0,LIDC-IDRI-0740,train
LIDC-IDRI-0741_1_iso0.73__s_0,LIDC-IDRI-0741,train
LIDC-IDRI-0742_1_iso0.64__s_0,LIDC-IDRI-0742,validation
LIDC-IDRI-0743_1_iso0.62__s_0,LIDC-IDRI-0743,train
LIDC-IDRI-0747_1_iso0.56__s_0,LIDC-IDRI-0747,test
LIDC-IDRI-0748_1_iso0.70__s_0,LIDC-IDRI-0748,train
LIDC-IDRI-0749_1_iso0.63__s_0,LIDC-IDRI-0749,train
LIDC-IDRI-0751_1_iso0.65__s_0,LIDC-IDRI-0751,train
LIDC-IDRI-0752_1_iso0.70__s_0,LIDC-IDRI-0752,train
LIDC-IDRI-0753_1_iso0.66__s_0,LIDC-IDRI-0753,validation
LIDC-IDRI-0754_1_iso0.70__s_0,LIDC-IDRI-0754,train
LIDC-IDRI-0756_1_iso0.62__s_0,LIDC-IDRI-0756,train
LIDC-IDRI-0759_1_iso0.65__s_0,LIDC-IDRI-0759,test
LIDC-IDRI-0761_1_iso0.61__s_0,LIDC-IDRI-0761,train
LIDC-IDRI-0763_1_iso0.61__s_0,LIDC-IDRI-0763,train
LIDC-IDRI-0765_1_iso0.59__s_0,LIDC-IDRI-0765,validation
LIDC-IDRI-0766_1_iso0.83__s_0,LIDC-IDRI-0766,validation
LIDC-IDRI-0768_1_iso0.74__s_0,LIDC-IDRI-0768,train
LIDC-IDRI-0770_1_iso0.62__s_0,LIDC-IDRI-0770,train
LIDC-IDRI-0772_1_iso0.78__s_0,LIDC-IDRI-0772,train
LIDC-IDRI-0773_1_iso0.72__s_0,LIDC-IDRI-0773,train
LIDC-IDRI-0775_1_iso0.59__s_0,LIDC-IDRI-0775,train
LIDC-IDRI-0776_1_iso0.66__s_0,LIDC-IDRI-0776,test
LIDC-IDRI-0777_1_iso0.66__s_0,LIDC-IDRI-0777,train
LIDC-IDRI-0782_1_iso0.64__s_0,LIDC-IDRI-0782,train
LIDC-IDRI-0783_1_iso0.70__s_0,LIDC-IDRI-0783,train
LIDC-IDRI-0785_1_iso0.70__s_0,LIDC-IDRI-0785,train
LIDC-IDRI-0786_1_iso0.62__s_0,LIDC-IDRI-0786,train
LIDC-IDRI-0787_1_iso0.66__s_0,LIDC-IDRI-0787,validation
LIDC-IDRI-0788_1_iso0.57__s_0,LIDC-IDRI-0788,train
LIDC-IDRI-0790_1_iso0.79__s_0,LIDC-IDRI-0790,validation
LIDC-IDRI-0791_1_iso0.67__s_0,LIDC-IDRI-0791,train
LIDC-IDRI-0792_1_iso0.65__s_0,LIDC-IDRI-0792,train
LIDC-IDRI-0793_1_iso0.72__s_0,LIDC-IDRI-0793,validation
LIDC-IDRI-0795_1_iso0.70__s_0,LIDC-IDRI-0795,train
LIDC-IDRI-0796_1_iso0.70__s_0,LIDC-IDRI-0796,train
LIDC-IDRI-0797_1_iso0.70__s_0,LIDC-IDRI-0797,train
LIDC-IDRI-0798_1_iso0.71__s_0,LIDC-IDRI-0798,validation
LIDC-IDRI-0799_1_iso0.59__s_0,LIDC-IDRI-0799,train
LIDC-IDRI-0800_1_iso0.64__s_0,LIDC-IDRI-0800,train
LIDC-IDRI-0801_1_iso0.52__s_0,LIDC-IDRI-0801,train
LIDC-IDRI-0802_1_iso0.70__s_0,LIDC-IDRI-0802,train
LIDC-IDRI-0806_1_iso0.62__s_0,LIDC-IDRI-0806,train
LIDC-IDRI-0807_1_iso0.65__s_0,LIDC-IDRI-0807,train
LIDC-IDRI-0811_1_iso0.67__s_0,LIDC-IDRI-0811,train
LIDC-IDRI-0812_1_iso0.63__s_0,LIDC-IDRI-0812,train
LIDC-IDRI-0813_1_iso0.62__s_0,LIDC-IDRI-0813,train
LIDC-IDRI-0814_1_iso0.52__s_0,LIDC-IDRI-0814,train
LIDC-IDRI-0817_1_iso0.68__s_0,LIDC-IDRI-0817,train
LIDC-IDRI-0818_1_iso0.70__s_0,LIDC-IDRI-0818,train
LIDC-IDRI-0819_1_iso0.62__s_0,LIDC-IDRI-0819,validation
LIDC-IDRI-0820_1_iso0.70__s_0,LIDC-IDRI-0820,train
LIDC-IDRI-0822_1_iso0.68__s_0,LIDC-IDRI-0822,train
LIDC-IDRI-0823_1_iso0.55__s_0,LIDC-IDRI-0823,train
LIDC-IDRI-0825_1_iso0.55__s_0,LIDC-IDRI-0825,validation
LIDC-IDRI-0828_1_iso0.62__s_0,LIDC-IDRI-0828,train
LIDC-IDRI-0829_1_iso0.73__s_0,LIDC-IDRI-0829,train
LIDC-IDRI-0830_1_iso0.63__s_0,LIDC-IDRI-0830,train
LIDC-IDRI-0831_1_iso0.62__s_0,LIDC-IDRI-0831,validation
LIDC-IDRI-0834_1_iso0.80__s_0,LIDC-IDRI-0834,validation
LIDC-IDRI-0835_1_iso0.54__s_0,LIDC-IDRI-0835,train
LIDC-IDRI-0837_1_iso0.55__s_0,LIDC-IDRI-0837,train
LIDC-IDRI-0838_1_iso0.59__s_0,LIDC-IDRI-0838,train
LIDC-IDRI-0840_1_iso0.70__s_0,LIDC-IDRI-0840,train
LIDC-IDRI-0841_1_iso0.70__s_0,LIDC-IDRI-0841,validation
LIDC-IDRI-0843_1_iso0.70__s_0,LIDC-IDRI-0843,validation
LIDC-IDRI-0844_1_iso0.62__s_0,LIDC-IDRI-0844,train
LIDC-IDRI-0846_1_iso0.73__s_0,LIDC-IDRI-0846,validation
LIDC-IDRI-0849_1_iso0.62__s_0,LIDC-IDRI-0849,train
LIDC-IDRI-0850_1_iso0.63__s_0,LIDC-IDRI-0850,train
LIDC-IDRI-0851_1_iso0.82__s_0,LIDC-IDRI-0851,validation
LIDC-IDRI-0852_1_iso0.55__s_0,LIDC-IDRI-0852,train
LIDC-IDRI-0856_1_iso0.62__s_0,LIDC-IDRI-0856,train
LIDC-IDRI-0857_1_iso0.62__s_0,LIDC-IDRI-0857,train
LIDC-IDRI-0859_1_iso0.57__s_0,LIDC-IDRI-0859,test
LIDC-IDRI-0861_1_iso0.65__s_0,LIDC-IDRI-0861,train
LIDC-IDRI-0864_1_iso0.70__s_0,LIDC-IDRI-0864,train
LIDC-IDRI-0865_1_iso0.70__s_0,LIDC-IDRI-0865,train
LIDC-IDRI-0866_1_iso0.70__s_0,LIDC-IDRI-0866,validation
LIDC-IDRI-0867_1_iso0.62__s_0,LIDC-IDRI-0867,train
LIDC-IDRI-0869_1_iso0.67__s_0,LIDC-IDRI-0869,train
LIDC-IDRI-0871_1_iso0.59__s_0,LIDC-IDRI-0871,train
LIDC-IDRI-0873_1_iso0.60__s_0,LIDC-IDRI-0873,test
LIDC-IDRI-0874_1_iso0.62__s_0,LIDC-IDRI-0874,test
LIDC-IDRI-0875_1_iso0.67__s_0,LIDC-IDRI-0875,train
LIDC-IDRI-0879_1_iso0.78__s_0,LIDC-IDRI-0879,train
LIDC-IDRI-0880_1_iso0.63__s_0,LIDC-IDRI-0880,test
LIDC-IDRI-0883_1_iso0.66__s_0,LIDC-IDRI-0883,train
LIDC-IDRI-0884_1_iso0.66__s_0,LIDC-IDRI-0884,train
LIDC-IDRI-0886_1_iso0.75__s_0,LIDC-IDRI-0886,validation
LIDC-IDRI-0888_1_iso0.67__s_0,LIDC-IDRI-0888,validation
LIDC-IDRI-0890_1_iso0.73__s_0,LIDC-IDRI-0890,train
LIDC-IDRI-0892_1_iso0.64__s_0,LIDC-IDRI-0892,train
LIDC-IDRI-0893_1_iso0.66__s_0,LIDC-IDRI-0893,train
LIDC-IDRI-0894_1_iso0.70__s_0,LIDC-IDRI-0894,train
LIDC-IDRI-0895_1_iso0.62__s_0,LIDC-IDRI-0895,train
LIDC-IDRI-0896_1_iso0.57__s_0,LIDC-IDRI-0896,train
LIDC-IDRI-0898_1_iso0.68__s_0,LIDC-IDRI-0898,validation
LIDC-IDRI-0899_1_iso0.56__s_0,LIDC-IDRI-0899,train
LIDC-IDRI-0902_1_iso0.62__s_0,LIDC-IDRI-0902,train
LIDC-IDRI-0905_1_iso0.55__s_0,LIDC-IDRI-0905,train
LIDC-IDRI-0906_1_iso0.64__s_0,LIDC-IDRI-0906,train
LIDC-IDRI-0908_1_iso0.62__s_0,LIDC-IDRI-0908,train
LIDC-IDRI-0909_1_iso0.62__s_0,LIDC-IDRI-0909,train
LIDC-IDRI-0910_1_iso0.67__s_0,LIDC-IDRI-0910,train
LIDC-IDRI-0911_1_iso0.59__s_0,LIDC-IDRI-0911,train
LIDC-IDRI-0912_1_iso0.83__s_0,LIDC-IDRI-0912,test
LIDC-IDRI-0913_1_iso0.53__s_0,LIDC-IDRI-0913,test
LIDC-IDRI-0914_1_iso0.59__s_0,LIDC-IDRI-0914,train
LIDC-IDRI-0919_1_iso0.57__s_0,LIDC-IDRI-0919,train
LIDC-IDRI-0920_1_iso0.59__s_0,LIDC-IDRI-0920,train
LIDC-IDRI-0921_1_iso0.68__s_0,LIDC-IDRI-0921,train
LIDC-IDRI-0922_1_iso0.62__s_0,LIDC-IDRI-0922,test
LIDC-IDRI-0925_1_iso0.59__s_0,LIDC-IDRI-0925,train
LIDC-IDRI-0929_1_iso0.70__s_0,LIDC-IDRI-0929,train
LIDC-IDRI-0932_1_iso0.76__s_0,LIDC-IDRI-0932,train
LIDC-IDRI-0933_1_iso0.66__s_0,LIDC-IDRI-0933,train
LIDC-IDRI-0935_1_iso0.67__s_0,LIDC-IDRI-0935,train
LIDC-IDRI-0936_1_iso0.59__s_0,LIDC-IDRI-0936,train
LIDC-IDRI-0938_1_iso0.76__s_0,LIDC-IDRI-0938,train
LIDC-IDRI-0939_1_iso0.62__s_0,LIDC-IDRI-0939,train
LIDC-IDRI-0940_1_iso0.62__s_0,LIDC-IDRI-0940,validation
LIDC-IDRI-0942_1_iso0.74__s_0,LIDC-IDRI-0942,train
LIDC-IDRI-0944_1_iso0.62__s_0,LIDC-IDRI-0944,train
LIDC-IDRI-0946_1_iso0.66__s_0,LIDC-IDRI-0946,train
LIDC-IDRI-0950_1_iso0.70__s_0,LIDC-IDRI-0950,train
LIDC-IDRI-0951_1_iso0.61__s_0,LIDC-IDRI-0951,validation
LIDC-IDRI-0955_1_iso0.59__s_0,LIDC-IDRI-0955,train
LIDC-IDRI-0956_1_iso0.65__s_0,LIDC-IDRI-0956,train
LIDC-IDRI-0959_1_iso0.66__s_0,LIDC-IDRI-0959,train
LIDC-IDRI-0961_1_iso0.74__s_0,LIDC-IDRI-0961,test
LIDC-IDRI-0962_1_iso0.65__s_0,LIDC-IDRI-0962,train
LIDC-IDRI-0963_1_iso0.61__s_0,LIDC-IDRI-0963,train
LIDC-IDRI-0965_1_iso0.74__s_0,LIDC-IDRI-0965,test
LIDC-IDRI-0966_1_iso0.68__s_0,LIDC-IDRI-0966,train
LIDC-IDRI-0968_1_iso0.68__s_0,LIDC-IDRI-0968,train
LIDC-IDRI-0969_1_iso0.62__s_0,LIDC-IDRI-0969,train
LIDC-IDRI-0973_1_iso0.70__s_0,LIDC-IDRI-0973,train
LIDC-IDRI-0974_1_iso0.59__s_0,LIDC-IDRI-0974,train
LIDC-IDRI-0976_1_iso0.66__s_0,LIDC-IDRI-0976,train
LIDC-IDRI-0978_1_iso0.72__s_0,LIDC-IDRI-0978,validation
LIDC-IDRI-0980_1_iso0.74__s_0,LIDC-IDRI-0980,train
LIDC-IDRI-0981_1_iso0.62__s_0,LIDC-IDRI-0981,train
LIDC-IDRI-0982_1_iso0.59__s_0,LIDC-IDRI-0982,train
LIDC-IDRI-0985_1_iso0.65__s_0,LIDC-IDRI-0985,validation
LIDC-IDRI-0986_1_iso0.64__s_0,LIDC-IDRI-0986,validation
LIDC-IDRI-0987_1_iso0.62__s_0,LIDC-IDRI-0987,train
LIDC-IDRI-0993_1_iso0.58__s_0,LIDC-IDRI-0993,train
LIDC-IDRI-0994_1_iso0.62__s_0,LIDC-IDRI-0994,train
LIDC-IDRI-0996_1_iso0.67__s_0,LIDC-IDRI-0996,train
LIDC-IDRI-0997_1_iso0.61__s_0,LIDC-IDRI-0997,train
LIDC-IDRI-1000_1_iso0.74__s_0,LIDC-IDRI-1000,train
LIDC-IDRI-1002_1_iso0.56__s_0,LIDC-IDRI-1002,train
LIDC-IDRI-1004_1_iso0.61__s_0,LIDC-IDRI-1004,train
LIDC-IDRI-1005_1_iso0.66__s_0,LIDC-IDRI-1005,test
LIDC-IDRI-1006_1_iso0.78__s_0,LIDC-IDRI-1006,test
LIDC-IDRI-1007_1_iso0.64__s_0,LIDC-IDRI-1007,train
LIDC-IDRI-1008_1_iso0.72__s_0,LIDC-IDRI-1008,train
LIDC-IDRI-1009_1_iso0.70__s_0,LIDC-IDRI-1009,train
LIDC-IDRI-1010_1_iso0.78__s_0,LIDC-IDRI-1010,train
LIDC-IDRI-1011_1_iso0.86__s_0,LIDC-IDRI-1011,train
LIDC-IDRI-1012_1_iso0.72__s_0,LIDC-IDRI-1012,validation
