case_id,patient_group_id,split,label,fixture_feat_a,fixture_feat_b,fixture_feat_c,fixture_feat_d
FXC0000,FXP000,train,0,-0.794425,0.214961,0.889207,0.974357
FXC0001,FXP001,train,0,0.241205,-1.667586,-0.677348,-0.179268
FXC0002,FXP001,train,0,0.2771,0.077655,-0.568546,-0.321239
FXC0003,FXP001,train,1,0.346846,-0.736133,0.951124,0.170317
FXC0004,FXP002,train,0,-1.246084,0.408517,-0.654815,0.993771
FXC0005,FXP003,val,0,0.259347,0.064386,1.06562,-0.093951
FXC0006,FXP003,val,1,-0.381921,-0.054516,-1.396286,-1.60728
FXC0007,FXP003,val,0,-1.065224,0.592525,2.437438,-0.861158
FXC0008,FXP004,train,0,-0.131679,0.937295,-0.347503,-0.280136
FXC0009,FXP005,test,1,-0.164686,-0.500843,0.586151,-0.696598
FXC0010,FXP005,test,1,-0.016275,0.60093,0.767269,0.365369
FXC0011,FXP005,test,0,-0.405333,-1.673172,-1.445988,0.247946
FXC0012,FXP006,train,1,1.423379,-2.247876,1.415996,-0.502568
FXC0013,FXP006,train,1,0.818943,-2.028548,1.982389,1.621021
FXC0014,FXP006,train,0,-0.536506,0.253037,-1.266251,0.931062
FXC0015,FXP007,train,0,-0.975166,-0.235569,-1.614292,1.078205
FXC0016,FXP007,train,0,0.510644,0.434551,-0.943319,-0.392257
FXC0017,FXP007,train,0,-0.298434,0.027285,-0.48957,-1.368888
FXC0018,FXP008,train,1,2.105339,-1.121347,-0.666904,0.595646
FXC0019,FXP008,train,0,-1.5332,0.202049,-0.871602,-1.723979
FXC0020,FXP009,val,0,-0.24482,-0.367876,0.37852,-0.589657
FXC0021,FXP009,val,0,-1.241177,-0.853956,1.3916,-0.559761
FXC0022,FXP009,val,0,-0.333696,-0.041761,-0.728868,0.496068
FXC0023,FXP010,train,1,0.580441,-0.39457,1.898835,0.914276
FXC0024,FXP010,train,0,-0.78114,-1.027798,0.947605,0.808375
FXC0025,FXP011,test,1,1.368337,0.453269,1.605373,-0.140579
FXC0026,FXP012,train,0,-1.358008,1.323725,0.423552,0.722186
FXC0027,FXP013,val,0,-1.272359,-1.349238,0.795036,-1.031336
FXC0028,FXP013,val,0,0.404066,-1.302211,-2.571585,0.151813
FXC0029,FXP014,train,1,0.500746,-0.377476,-0.444251,-1.122771
FXC0030,FXP014,train,0,-1.125849,-1.301876,0.437068,-0.145945
FXC0031,FXP014,train,0,-1.140696,-0.269096,-1.29373,-0.91215
FXC0032,FXP015,test,1,1.009076,-0.061769,2.874991,-1.010706
FXC0033,FXP015,test,0,-0.380739,0.405886,-1.812284,-0.516207
FXC0034,FXP016,train,1,0.638683,-0.332913,0.21116,1.354423
FXC0035,FXP016,train,1,-1.150097,-1.143189,-1.719045,-2.736393
FXC0036,FXP016,train,0,0.821148,0.469975,-1.49331,-0.962342
FXC0037,FXP017,train,0,-0.264617,0.364561,-0.100419,0.658856
FXC0038,FXP018,test,0,-0.12298,-0.6724,0.443314,-0.724238
FXC0039,FXP019,train,0,-0.421389,0.412877,-1.668262,1.509847
FXC0040,FXP019,train,0,-0.69669,1.229399,0.290987,-2.51553
FXC0041,FXP019,train,1,0.656538,-0.330638,-0.693106,0.032366
FXC0042,FXP020,train,0,0.698286,0.771093,-0.150984,1.330654
FXC0043,FXP021,test,0,-1.839565,2.065112,0.964628,0.762324
FXC0044,FXP022,train,0,-0.212126,0.646437,-0.434462,-0.277972
FXC0045,FXP022,train,0,0.971712,1.002987,-0.211832,-0.626879
FXC0046,FXP022,train,1,2.061969,0.113184,0.623258,-0.038968
FXC0047,FXP023,train,1,1.446225,-0.829263,0.284177,0.07723
FXC0048,FXP024,train,0,-1.650589,0.173877,-1.127359,0.732371
FXC0049,FXP024,train,0,0.182211,2.018295,-0.505306,-0.647482
FXC0050,FXP024,train,0,-0.306872,-0.620783,0.385583,1.782398
FXC0051,FXP025,test,1,-0.174187,-0.083432,-0.888775,-0.745296
FXC0052,FXP025,test,0,-1.069886,1.553921,1.6088,0.151841
FXC0053,FXP025,test,0,1.343684,0.214405,-0.826696,-1.345361
FXC0054,FXP026,train,0,0.944102,1.426309,-1.228224,-0.883126
FXC0055,FXP026,train,1,0.955192,-0.633035,0.792229,0.55796
FXC0056,FXP026,train,0,-0.339084,0.637109,-0.241175,0.378562
FXC0057,FXP027,val,1,0.755481,-2.185013,0.991809,-1.524972
FXC0058,FXP028,train,1,1.430161,0.322324,0.373091,-1.305233
FXC0059,FXP028,train,0,-0.878411,1.088037,2.452356,0.112474
FXC0060,FXP028,train,1,-0.280284,-0.476644,0.342207,-0.786696
FXC0061,FXP029,train,0,0.634114,1.534312,1.103141,-0.529075
FXC0062,FXP029,train,1,0.5968,-0.825354,0.155453,-0.924294
FXC0063,FXP029,train,1,1.379207,-0.618289,0.794495,1.212498
FXC0064,FXP030,val,0,-0.967421,0.604347,0.306411,-0.439033
FXC0065,FXP030,val,0,-0.127465,-0.851105,-1.215192,0.658911
FXC0066,FXP030,val,0,-1.909074,1.833072,0.543293,1.158304
FXC0067,FXP031,test,0,-1.256548,3.079446,-0.346399,1.385025
FXC0068,FXP032,train,0,-0.16678,-1.331085,-0.584983,0.824438
FXC0069,FXP032,train,1,1.613934,-0.06441,-0.65524,-0.183269
FXC0070,FXP033,test,0,-0.757973,-0.446459,-0.494942,-1.042366
FXC0071,FXP033,test,1,0.667653,0.507443,-1.213593,0.285707
FXC0072,FXP033,test,0,-1.130443,1.315047,-0.740612,1.302178
FXC0073,FXP034,test,0,0.021275,0.182387,-1.011897,0.456701
FXC0074,FXP034,test,1,1.217807,-0.467421,-0.703401,0.187679
FXC0075,FXP035,train,1,-0.057077,-0.459078,-1.435027,0.887332
FXC0076,FXP035,train,0,-1.830781,0.358524,1.127215,-1.504332
FXC0077,FXP035,train,0,-0.932912,-0.763194,0.291849,-0.83855
FXC0078,FXP036,train,1,1.201,-1.209678,1.043363,-0.619452
FXC0079,FXP036,train,0,-1.85535,2.37124,-0.512966,0.137542
FXC0080,FXP037,val,1,0.750312,1.582072,-0.649466,-1.163596
FXC0081,FXP037,val,0,-1.373658,-0.640005,-1.679833,0.604587
FXC0082,FXP037,val,0,-1.117073,-1.036675,-0.552696,1.202665
FXC0083,FXP038,test,1,1.153128,-1.545319,1.742241,-0.718361
FXC0084,FXP038,test,0,-1.577338,-0.603637,1.449468,0.67294
FXC0085,FXP039,train,0,-1.90464,0.008011,-0.180131,-0.166975
FXC0086,FXP040,train,1,-0.239119,-0.487313,0.501079,1.480684
FXC0087,FXP041,test,1,0.061131,-0.485961,-0.153353,-0.406871
FXC0088,FXP042,train,0,-1.186312,1.05583,-0.264122,0.143188
FXC0089,FXP042,train,0,-0.919381,-0.572929,-0.417519,-0.598441
FXC0090,FXP042,train,0,-0.308899,-1.007193,-0.067384,-1.335733
FXC0091,FXP043,test,1,-1.044397,-0.32195,0.719223,0.135732
FXC0092,FXP044,train,1,0.392808,-1.441331,0.235338,-0.23063
FXC0093,FXP044,train,1,-0.308654,-0.170945,0.710297,0.151014
FXC0094,FXP045,val,1,-0.697551,0.064721,0.825115,0.545555
FXC0095,FXP045,val,1,0.15629,-0.689788,1.278335,0.682281
FXC0096,FXP045,val,0,-1.584129,0.984332,1.20059,0.848503
FXC0097,FXP046,train,0,-1.62075,1.408429,-0.313962,-2.440288
FXC0098,FXP046,train,0,-1.565421,-0.938157,-0.874949,1.092615
FXC0099,FXP046,train,0,-0.076283,2.252568,1.688938,-0.184894
FXC0100,FXP047,val,0,-0.891687,0.866393,0.310598,0.013416
FXC0101,FXP048,train,1,0.056013,-0.476633,1.386665,0.824809
FXC0102,FXP049,train,0,-0.566472,0.800187,-1.297825,-1.611115
FXC0103,FXP049,train,0,-0.351727,0.743823,-2.097338,-0.427928
FXC0104,FXP049,train,0,-1.035056,-1.942807,-0.529771,0.744172
FXC0105,FXP050,train,1,0.200792,-0.433453,1.416065,-2.280499
FXC0106,FXP050,train,0,0.153621,1.135504,1.811669,0.964914
FXC0107,FXP051,train,0,0.359489,-0.14466,-0.190817,0.752473
FXC0108,FXP052,test,0,-0.439674,0.369864,0.083712,1.158174
FXC0109,FXP053,train,0,-1.121583,0.225609,-0.372533,0.641308
FXC0110,FXP054,train,0,-1.580007,-0.538511,0.242872,-0.700506
FXC0111,FXP054,train,0,0.571927,0.938301,0.42269,-0.530375
FXC0112,FXP055,val,1,1.634381,-1.373343,-0.436912,0.472467
FXC0113,FXP055,val,0,0.265318,0.69318,-1.206231,-0.02128
FXC0114,FXP055,val,1,1.481841,-1.080808,0.040406,1.407039
FXC0115,FXP056,train,0,1.383176,0.486849,0.107143,1.334823
FXC0116,FXP057,train,1,0.80706,0.055362,-0.408167,-1.246015
FXC0117,FXP057,train,0,0.256855,-0.374238,-0.307176,0.108417
FXC0118,FXP058,train,1,0.425493,0.104831,-0.478229,-0.053387
FXC0119,FXP058,train,1,1.664221,-0.446239,-0.304829,-0.044715
FXC0120,FXP058,train,0,0.286492,-1.251737,-1.337635,-0.439998
FXC0121,FXP059,val,0,-0.399286,1.166809,2.221974,-0.305956
FXC0122,FXP059,val,1,1.731931,0.100073,1.317754,-0.189416
FXC0123,FXP060,test,1,2.152239,0.175292,1.332661,-1.599787
FXC0124,FXP060,test,0,-0.469099,0.875354,0.640408,-0.405812
FXC0125,FXP061,train,0,-0.931315,0.074531,-0.839924,-0.406072
FXC0126,FXP061,train,0,0.72266,0.686116,1.133795,1.74927
FXC0127,FXP062,train,0,-1.82747,-0.51626,-1.53282,-0.554905
FXC0128,FXP062,train,1,-0.982675,-0.058918,-1.191727,0.558545
FXC0129,FXP063,train,1,0.646656,-0.98358,-0.158932,-1.279932
FXC0130,FXP064,val,1,2.267051,1.657826,2.065977,0.937757
FXC0131,FXP064,val,1,1.92687,-0.476686,0.46633,0.012051
FXC0132,FXP065,train,0,-0.375916,-0.716136,-0.574389,2.028477
FXC0133,FXP065,train,1,0.506776,0.140098,1.360071,-0.751646
FXC0134,FXP066,test,1,1.48391,-0.135049,0.685832,1.725297
FXC0135,FXP066,test,0,-0.235268,-0.124464,1.569635,-1.901166
FXC0136,FXP066,test,1,0.261424,0.277572,1.24293,1.577829
FXC0137,FXP067,train,0,-0.552857,-0.27703,0.47605,-0.943253
FXC0138,FXP067,train,0,-0.617839,-1.149163,-0.891006,0.256033
FXC0139,FXP067,train,0,1.035115,0.211345,-1.908295,-0.790948
FXC0140,FXP068,val,0,-1.333718,0.876884,-0.886762,-1.924852
FXC0141,FXP069,test,1,1.009726,-0.307057,1.272112,0.317748
FXC0142,FXP069,test,0,0.053775,0.831503,0.326863,-1.441373
FXC0143,FXP070,train,1,0.489327,-0.200333,-1.017269,1.799658
FXC0144,FXP070,train,0,-1.32822,-1.370429,-0.468141,-0.172202
FXC0145,FXP071,test,0,-0.846688,0.998763,-0.977988,-0.124683
FXC0146,FXP072,test,1,2.880338,-1.473925,0.011258,-0.497312
FXC0147,FXP073,val,0,-0.71424,0.389568,-1.270311,-0.977783
FXC0148,FXP074,train,1,-1.065655,-1.932808,0.070473,0.420074
FXC0149,FXP075,val,0,-0.696867,1.257404,0.494799,-0.162054
FXC0150,FXP075,val,1,1.241464,-1.024611,-0.799366,-0.462356
FXC0151,FXP075,val,1,0.894305,0.797106,-0.0058,1.153485
FXC0152,FXP076,train,0,-0.43812,3.026435,0.737823,-0.554255
FXC0153,FXP076,train,0,-0.029637,1.689225,-0.707208,-1.705688
FXC0154,FXP077,train,1,0.800861,0.962113,0.90983,1.037213
FXC0155,FXP077,train,1,1.44136,1.779107,1.434596,0.517869
FXC0156,FXP077,train,0,1.204234,-0.55115,-0.272381,0.33835
FXC0157,FXP078,val,0,-0.674519,0.74268,-0.464265,0.022914
FXC0158,FXP079,val,1,0.690516,0.501448,-0.566752,0.058605
FXC0159,FXP080,train,0,-1.208753,0.612008,-1.363999,0.964524
FXC0160,FXP080,train,1,2.416315,-0.647572,1.396971,0.394792
FXC0161,FXP080,train,1,2.015559,-1.800438,1.759402,0.236972
FXC0162,FXP081,val,0,-0.873284,0.71105,0.701958,-0.055736
FXC0163,FXP081,val,1,0.267742,-2.654293,1.580804,0.931592
FXC0164,FXP082,train,0,-0.247379,1.506695,-0.670378,-0.744924
FXC0165,FXP082,train,1,0.968544,-0.61547,1.913317,-1.005432
FXC0166,FXP082,train,0,-0.845058,-0.733052,1.30479,-0.178896
FXC0167,FXP083,train,1,1.494695,0.831503,0.054289,0.659701
FXC0168,FXP083,train,0,-0.849602,0.792694,-0.181258,-0.586612
FXC0169,FXP084,train,0,-0.248544,0.451875,-0.795041,-0.484416
FXC0170,FXP084,train,1,0.888942,0.50977,1.927948,0.829164
FXC0171,FXP084,train,0,-1.002193,1.267853,-0.510528,1.634085
FXC0172,FXP085,train,0,-1.12345,1.116827,0.763956,0.594931
FXC0173,FXP085,train,1,1.092732,0.266546,0.455989,1.236257
FXC0174,FXP086,train,1,1.243634,-1.501605,1.648277,0.070127
FXC0175,FXP086,train,0,0.010633,-0.534538,-1.194499,-1.544108
FXC0176,FXP087,train,0,-0.436161,1.492788,-0.307613,0.883961
FXC0177,FXP088,train,1,0.629553,0.183268,1.762968,-0.034557
FXC0178,FXP088,train,1,0.57251,-0.33111,-0.490134,1.236916
FXC0179,FXP088,train,0,0.085413,-0.444552,0.26812,0.274639
FXC0180,FXP089,val,0,0.008218,2.28292,0.958658,-0.70383
FXC0181,FXP089,val,0,0.063166,0.4847,-0.087697,-0.354663
FXC0182,FXP089,val,1,0.51795,-2.742581,0.973244,-0.391672
